2025-04-30 16:54:55,316 : WARN  : ModalContext :  : Node : End IF : 3:1637:0:1494 : The structures of both active input data tables are not compatible.
2025-04-30 16:54:55,326 : WARN  : ModalContext :  : Node : End IF : 3:1637:0:1494 : The structures of both active input data tables are not compatible.
2025-04-30 16:54:55,437 : WARN  : ModalContext :  : Node : Duplicate Row Filter : 3:1494:1459 : At least one column has to be selected for duplicate detection.
2025-04-30 17:05:08,277 : INFO  : KNIME-Worker-2-Excel Reader 3:1980 :  : LocalNodeExecutionJob : Excel Reader : 3:1980 : Excel Reader 3:1980 End execute (0 secs)
2025-04-30 17:05:09,533 : INFO  : KNIME-Worker-3-Excel Reader 3:1981 :  : LocalNodeExecutionJob : Excel Reader : 3:1981 : Excel Reader 3:1981 End execute (0 secs)
2025-04-30 17:05:21,776 : INFO  : KNIME-Worker-4-Single Selection Configuration 3:1637:0:1495 :  : LocalNodeExecutionJob : Single Selection Configuration : 3:1637:0:1495 : Single Selection Configuration 3:1637:0:1495 End execute (0 secs)
2025-04-30 17:05:21,777 : INFO  : KNIME-Worker-3-Component Input 3:1637:0:1489 :  : LocalNodeExecutionJob : Component Input : 3:1637:0:1489 : Component Input 3:1637:0:1489 End execute (0 secs)
2025-04-30 17:05:21,793 : INFO  : KNIME-Worker-4-CASE Switch Start 3:1637:0:1509 :  : LocalNodeExecutionJob : CASE Switch Start : 3:1637:0:1509 : CASE Switch Start 3:1637:0:1509 End execute (0 secs)
2025-04-30 17:05:21,795 : INFO  : KNIME-Worker-5-Table Creator 3:1637:0:1510 :  : LocalNodeExecutionJob : Table Creator : 3:1637:0:1510 : Table Creator 3:1637:0:1510 End execute (0 secs)
2025-04-30 17:05:21,808 : INFO  : KNIME-Worker-3-File Reader 3:1637:0:1508 :  : LocalNodeExecutionJob : File Reader : 3:1637:0:1508 : File Reader 3:1637:0:1508 End execute (0 secs)
2025-04-30 17:05:23,088 : INFO  : KNIME-Worker-4-File Reader 3:1637:0:1507 :  : LocalNodeExecutionJob : File Reader : 3:1637:0:1507 : File Reader 3:1637:0:1507 End execute (1 sec)
2025-04-30 17:05:23,093 : INFO  : KNIME-Worker-5-End IF 3:1637:0:1494 :  : LocalNodeExecutionJob : End IF : 3:1637:0:1494 : End IF 3:1637:0:1494 End execute (0 secs)
2025-04-30 17:05:23,370 : INFO  : KNIME-Worker-3-Reference Row Filter 3:1637:0:1512 :  : LocalNodeExecutionJob : Reference Row Filter : 3:1637:0:1512 : Reference Row Filter 3:1637:0:1512 End execute (0 secs)
2025-04-30 17:05:23,373 : INFO  : KNIME-Worker-4-Component Output 3:1637:0:1491 :  : LocalNodeExecutionJob : Component Output : 3:1637:0:1491 : Component Output 3:1637:0:1491 End execute (0 secs)
2025-04-30 17:05:23,374 : INFO  : KNIME-Worker-2-Load example dataset 3:1637 :  : LocalNodeExecutionJob : Load example dataset : 3:1637 : Load example dataset 3:1637 End execute (1 sec)
2025-04-30 17:05:23,944 : WARN  : KNIME-Worker-2-Load example dataset 3:1637 :  : Node : CASE Switch Start : 3:1978:0:1495:1507:1259:1251 : Errors overwriting node settings with flow variables: Unknown variable "use_threshold_prec_global_q"
2025-04-30 17:05:23,946 : WARN  : KNIME-Worker-2-Load example dataset 3:1637 :  : Node : CASE Switch Start : 3:1978:0:1495:1374:1259:1251 : Errors overwriting node settings with flow variables: Unknown variable "use_threshold_prec_global_q"
2025-04-30 17:05:23,974 : INFO  : KNIME-Worker-5-Column Filter 3:1494:1457 :  : LocalNodeExecutionJob : Column Filter : 3:1494:1457 : Column Filter 3:1494:1457 End execute (0 secs)
2025-04-30 17:05:24,236 : INFO  : KNIME-Worker-3-Duplicate Row Filter 3:1494:1459 :  : LocalNodeExecutionJob : Duplicate Row Filter : 3:1494:1459 : Duplicate Row Filter 3:1494:1459 End execute (0 secs)
2025-04-30 17:05:24,244 : INFO  : KNIME-Worker-4-Sorter 3:1494:1460 :  : LocalNodeExecutionJob : Sorter : 3:1494:1460 : Sorter 3:1494:1460 End execute (0 secs)
2025-04-30 17:15:41,064 : WARN  : main :  : Node : End IF : 3:1637:0:1494 : The structures of both active input data tables are not compatible.
2025-04-30 19:31:40,118 : INFO  : KNIME-Worker-9-Single Selection Configuration 3:1637:0:1495 :  : LocalNodeExecutionJob : Single Selection Configuration : 3:1637:0:1495 : Single Selection Configuration 3:1637:0:1495 End execute (0 secs)
2025-04-30 19:31:40,119 : INFO  : KNIME-Worker-8-Component Input 3:1637:0:1489 :  : LocalNodeExecutionJob : Component Input : 3:1637:0:1489 : Component Input 3:1637:0:1489 End execute (0 secs)
2025-04-30 19:31:40,123 : INFO  : KNIME-Worker-9-CASE Switch Start 3:1637:0:1509 :  : LocalNodeExecutionJob : CASE Switch Start : 3:1637:0:1509 : CASE Switch Start 3:1637:0:1509 End execute (0 secs)
2025-04-30 19:31:40,125 : INFO  : KNIME-Worker-10-Table Creator 3:1637:0:1510 :  : LocalNodeExecutionJob : Table Creator : 3:1637:0:1510 : Table Creator 3:1637:0:1510 End execute (0 secs)
2025-04-30 19:31:40,128 : INFO  : KNIME-Worker-8-File Reader 3:1637:0:1508 :  : LocalNodeExecutionJob : File Reader : 3:1637:0:1508 : File Reader 3:1637:0:1508 End execute (0 secs)
2025-04-30 19:31:41,094 : INFO  : KNIME-Worker-9-File Reader 3:1637:0:1507 :  : LocalNodeExecutionJob : File Reader : 3:1637:0:1507 : File Reader 3:1637:0:1507 End execute (0 secs)
2025-04-30 19:31:41,096 : INFO  : KNIME-Worker-10-End IF 3:1637:0:1494 :  : LocalNodeExecutionJob : End IF : 3:1637:0:1494 : End IF 3:1637:0:1494 End execute (0 secs)
2025-04-30 19:31:41,413 : INFO  : KNIME-Worker-8-Reference Row Filter 3:1637:0:1512 :  : LocalNodeExecutionJob : Reference Row Filter : 3:1637:0:1512 : Reference Row Filter 3:1637:0:1512 End execute (0 secs)
2025-04-30 19:31:41,415 : INFO  : KNIME-Worker-9-Component Output 3:1637:0:1491 :  : LocalNodeExecutionJob : Component Output : 3:1637:0:1491 : Component Output 3:1637:0:1491 End execute (0 secs)
2025-04-30 19:31:41,415 : INFO  : KNIME-Worker-7-Load example dataset 3:1637 :  : LocalNodeExecutionJob : Load example dataset : 3:1637 : Load example dataset 3:1637 End execute (1 sec)
2025-04-30 19:31:41,611 : WARN  : KNIME-Worker-7-Load example dataset 3:1637 :  : Node : CASE Switch Start : 3:1:0:1495:1507:1259:1251 : Errors overwriting node settings with flow variables: Unknown variable "use_threshold_prec_global_q"
2025-04-30 19:31:41,616 : WARN  : KNIME-Worker-7-Load example dataset 3:1637 :  : Node : CASE Switch Start : 3:1:0:1495:1374:1259:1251 : Errors overwriting node settings with flow variables: Unknown variable "use_threshold_prec_global_q"
2025-04-30 19:31:41,622 : INFO  : KNIME-Worker-9-Single Selection Configuration 3:1:0:1497 :  : LocalNodeExecutionJob : Single Selection Configuration : 3:1:0:1497 : Single Selection Configuration 3:1:0:1497 End execute (0 secs)
2025-04-30 19:31:41,622 : INFO  : KNIME-Worker-8-Component Input 3:1:0:1995 :  : LocalNodeExecutionJob : Component Input : 3:1:0:1995 : Component Input 3:1:0:1995 End execute (0 secs)
2025-04-30 19:31:41,624 : INFO  : KNIME-Worker-7-Double Configuration 3:1:0:1521 :  : LocalNodeExecutionJob : Double Configuration : 3:1:0:1521 : Double Configuration 3:1:0:1521 End execute (0 secs)
2025-04-30 19:31:41,636 : INFO  : KNIME-Worker-8-Row Filter 3:1:0:2003:1999 :  : LocalNodeExecutionJob : Row Filter : 3:1:0:2003:1999 : Row Filter 3:1:0:2003:1999 End execute (0 secs)
2025-04-30 19:31:41,637 : INFO  : KNIME-Worker-9-Row Splitter 3:1:0:1984 :  : LocalNodeExecutionJob : Row Splitter : 3:1:0:1984 : Row Splitter 3:1:0:1984 End execute (0 secs)
2025-04-30 19:31:41,639 : INFO  : KNIME-Worker-7-Row Filter 3:1:0:2003:1998 :  : LocalNodeExecutionJob : Row Filter : 3:1:0:2003:1998 : Row Filter 3:1:0:2003:1998 End execute (0 secs)
2025-04-30 19:31:41,640 : INFO  : KNIME-Worker-8-Row Filter 3:1:0:2003:1986 :  : LocalNodeExecutionJob : Row Filter : 3:1:0:2003:1986 : Row Filter 3:1:0:2003:1986 End execute (0 secs)
2025-04-30 19:31:41,641 : INFO  : KNIME-Worker-7-Double Configuration 3:1:0:1524 :  : LocalNodeExecutionJob : Double Configuration : 3:1:0:1524 : Double Configuration 3:1:0:1524 End execute (0 secs)
2025-04-30 19:31:41,642 : INFO  : KNIME-Worker-9-Row Filter 3:1:0:2003:1985 :  : LocalNodeExecutionJob : Row Filter : 3:1:0:2003:1985 : Row Filter 3:1:0:2003:1985 End execute (0 secs)
2025-04-30 19:31:41,668 : INFO  : KNIME-Worker-7-String Manipulation 3:1:0:1987 :  : LocalNodeExecutionJob : String Manipulation : 3:1:0:1987 : String Manipulation 3:1:0:1987 End execute (0 secs)
2025-04-30 19:31:41,676 : INFO  : KNIME-Worker-9-Sorter 3:1:0:1988 :  : LocalNodeExecutionJob : Sorter : 3:1:0:1988 : Sorter 3:1:0:1988 End execute (0 secs)
2025-04-30 19:31:43,050 : INFO  : KNIME-Worker-8-Python Script 3:1:0:2003:2000 :  : LocalNodeExecutionJob : Python Script : 3:1:0:2003:2000 : Python Script 3:1:0:2003:2000 End execute (1 sec)
2025-04-30 19:31:43,733 : INFO  : KNIME-Worker-7-Python Script 3:1:0:2003:1997 :  : LocalNodeExecutionJob : Python Script : 3:1:0:2003:1997 : Python Script 3:1:0:2003:1997 End execute (2 secs)
2025-04-30 19:31:43,760 : INFO  : KNIME-Worker-8-Double Configuration 3:1:0:1526 :  : LocalNodeExecutionJob : Double Configuration : 3:1:0:1526 : Double Configuration 3:1:0:1526 End execute (0 secs)
2025-04-30 19:31:43,776 : INFO  : KNIME-Worker-9-Python Script 3:1:0:2003:2001 :  : LocalNodeExecutionJob : Python Script : 3:1:0:2003:2001 : Python Script 3:1:0:2003:2001 End execute (0 secs)
2025-04-30 19:31:44,088 : INFO  : KNIME-Worker-8-Rule-based Row Filter (Dictionary) 3:1:0:1983 :  : LocalNodeExecutionJob : Rule-based Row Filter (Dictionary) : 3:1:0:1983 : Rule-based Row Filter (Dictionary) 3:1:0:1983 End execute (0 secs)
2025-04-30 19:31:44,090 : WARN  : KNIME-Worker-8-Rule-based Row Filter (Dictionary) 3:1:0:1983 :  : Node : CASE Switch Start : 3:1:0:1495:1507:1259:1251 : Errors overwriting node settings with flow variables: Unknown variable "use_threshold_prec_global_q"
2025-04-30 19:31:44,090 : WARN  : KNIME-Worker-8-Rule-based Row Filter (Dictionary) 3:1:0:1983 :  : Node : CASE Switch Start : 3:1:0:1495:1374:1259:1251 : Errors overwriting node settings with flow variables: Unknown variable "use_threshold_prec_global_q"
2025-04-30 19:31:44,092 : INFO  : KNIME-Worker-9-Column Filter 3:1:0:1994 :  : LocalNodeExecutionJob : Column Filter : 3:1:0:1994 : Column Filter 3:1:0:1994 End execute (0 secs)
2025-04-30 19:31:44,093 : INFO  : KNIME-Worker-8-Double Configuration 3:1:0:1528 :  : LocalNodeExecutionJob : Double Configuration : 3:1:0:1528 : Double Configuration 3:1:0:1528 End execute (0 secs)
2025-04-30 19:31:44,127 : INFO  : KNIME-Worker-9-Transpose 3:1:0:1991 :  : LocalNodeExecutionJob : Transpose : 3:1:0:1991 : Transpose 3:1:0:1991 End execute (0 secs)
2025-04-30 19:31:44,142 : INFO  : KNIME-Worker-8-Double Configuration 3:1:0:1530 :  : LocalNodeExecutionJob : Double Configuration : 3:1:0:1530 : Double Configuration 3:1:0:1530 End execute (0 secs)
2025-04-30 19:31:44,169 : INFO  : KNIME-Worker-9-Create Collection Column 3:1:0:1942 :  : LocalNodeExecutionJob : Create Collection Column : 3:1:0:1942 : Create Collection Column 3:1:0:1942 End execute (0 secs)
2025-04-30 19:31:44,171 : INFO  : KNIME-Worker-8-String Configuration 3:1:0:1510 :  : LocalNodeExecutionJob : String Configuration : 3:1:0:1510 : String Configuration 3:1:0:1510 End execute (0 secs)
2025-04-30 19:31:44,179 : INFO  : KNIME-Worker-9-Table Row to Variable 3:1:0:1945 :  : LocalNodeExecutionJob : Table Row to Variable : 3:1:0:1945 : Table Row to Variable 3:1:0:1945 End execute (0 secs)
2025-04-30 19:31:44,180 : INFO  : KNIME-Worker-8-String Input (legacy) 3:1:0:1531 :  : LocalNodeExecutionJob : String Input (legacy) : 3:1:0:1531 : String Input (legacy) 3:1:0:1531 End execute (0 secs)
2025-04-30 19:31:44,631 : INFO  : KNIME-Worker-7-Python Script 3:1:0:2003:1996 :  : LocalNodeExecutionJob : Python Script : 3:1:0:2003:1996 : Python Script 3:1:0:2003:1996 End execute (0 secs)
2025-04-30 19:31:44,665 : INFO  : KNIME-Worker-9-Python Script 3:1:0:1982 :  : LocalNodeExecutionJob : Python Script : 3:1:0:1982 : Python Script 3:1:0:1982 End execute (0 secs)
2025-04-30 19:31:44,669 : INFO  : KNIME-Worker-7-Merge Variables 3:1:0:2003:2002 :  : LocalNodeExecutionJob : Merge Variables : 3:1:0:2003:2002 : Merge Variables 3:1:0:2003:2002 End execute (0 secs)
2025-04-30 19:31:44,671 : INFO  : KNIME-Worker-9-Column Filter 3:1:0:1989 :  : LocalNodeExecutionJob : Column Filter : 3:1:0:1989 : Column Filter 3:1:0:1989 End execute (0 secs)
2025-04-30 19:31:47,239 : INFO  : KNIME-Worker-8-Python Edit Variable (legacy) 3:1:0:1490 :  : LocalNodeExecutionJob : Python Edit Variable (legacy) : 3:1:0:1490 : Python Edit Variable (legacy) 3:1:0:1490 End execute (2 secs)
2025-04-30 19:31:47,327 : WARN  : KNIME-Worker-8-Python Edit Variable (legacy) 3:1:0:1490 :  : Node : CASE Switch Start : 3:1:0:1495:2055:2025 : Errors overwriting node settings with flow variables: Unknown variable "sequence_mods_switch"
2025-04-30 19:31:47,338 : WARN  : KNIME-Worker-8-Python Edit Variable (legacy) 3:1:0:1490 :  : Node : CASE Switch Start : 3:1:0:1495:2023:2025 : Errors overwriting node settings with flow variables: Unknown variable "sequence_mods_switch"
2025-04-30 19:31:47,339 : INFO  : KNIME-Worker-9-CASE Switch Start 3:1:0:1495:1506 :  : LocalNodeExecutionJob : CASE Switch Start : 3:1:0:1495:1506 : CASE Switch Start 3:1:0:1495:1506 End execute (0 secs)
2025-04-30 19:31:47,367 : WARN  : KNIME-Worker-9-CASE Switch Start 3:1:0:1495:1506 :  : Node : CASE Switch Start : 3:1:0:1495:2023:2025 : Errors overwriting node settings with flow variables: Unknown variable "sequence_mods_switch"
2025-04-30 19:31:47,378 : INFO  : KNIME-Worker-7-CASE Switch Start 3:1:0:1495:1507:1259:1251 :  : LocalNodeExecutionJob : CASE Switch Start : 3:1:0:1495:1507:1259:1251 : CASE Switch Start 3:1:0:1495:1507:1259:1251 End execute (0 secs)
2025-04-30 19:31:47,378 : INFO  : KNIME-Worker-8-CASE Switch Start 3:1:0:1495:1374:1259:1251 :  : LocalNodeExecutionJob : CASE Switch Start : 3:1:0:1495:1374:1259:1251 : CASE Switch Start 3:1:0:1495:1374:1259:1251 End execute (0 secs)
2025-04-30 19:31:47,379 : INFO  : KNIME-Worker-9-Row Splitter 3:1:0:1495:1507:1259:1255 :  : LocalNodeExecutionJob : Row Splitter : 3:1:0:1495:1507:1259:1255 : Row Splitter 3:1:0:1495:1507:1259:1255 End execute (0 secs)
2025-04-30 19:31:47,379 : INFO  : KNIME-Worker-7-Row Filter 3:1:0:1495:1507:1259:1254 :  : LocalNodeExecutionJob : Row Filter : 3:1:0:1495:1507:1259:1254 : Row Filter 3:1:0:1495:1507:1259:1254 End execute (0 secs)
2025-04-30 19:31:47,380 : INFO  : KNIME-Worker-8-Row Filter 3:1:0:1495:1374:1259:1254 :  : LocalNodeExecutionJob : Row Filter : 3:1:0:1495:1374:1259:1254 : Row Filter 3:1:0:1495:1374:1259:1254 End execute (0 secs)
2025-04-30 19:31:47,381 : INFO  : KNIME-Worker-7-CASE Switch End 3:1:0:1495:1507:1259:1252 :  : LocalNodeExecutionJob : CASE Switch End : 3:1:0:1495:1507:1259:1252 : CASE Switch End 3:1:0:1495:1507:1259:1252 End execute (0 secs)
2025-04-30 19:31:47,384 : INFO  : KNIME-Worker-8-CASE Switch End 3:1:0:1495:1507:1259:1253 :  : LocalNodeExecutionJob : CASE Switch End : 3:1:0:1495:1507:1259:1253 : CASE Switch End 3:1:0:1495:1507:1259:1253 End execute (0 secs)
2025-04-30 19:31:47,385 : INFO  : KNIME-Worker-7-CASE Switch Start 3:1:0:1495:1507:1260:1251 :  : LocalNodeExecutionJob : CASE Switch Start : 3:1:0:1495:1507:1260:1251 : CASE Switch Start 3:1:0:1495:1507:1260:1251 End execute (0 secs)
2025-04-30 19:31:47,385 : INFO  : KNIME-Worker-8-Row Splitter 3:1:0:1495:1507:1260:1255 :  : LocalNodeExecutionJob : Row Splitter : 3:1:0:1495:1507:1260:1255 : Row Splitter 3:1:0:1495:1507:1260:1255 End execute (0 secs)
2025-04-30 19:31:47,386 : INFO  : KNIME-Worker-7-Row Filter 3:1:0:1495:1507:1260:1254 :  : LocalNodeExecutionJob : Row Filter : 3:1:0:1495:1507:1260:1254 : Row Filter 3:1:0:1495:1507:1260:1254 End execute (0 secs)
2025-04-30 19:31:47,386 : INFO  : KNIME-Worker-8-CASE Switch End 3:1:0:1495:1507:1260:1252 :  : LocalNodeExecutionJob : CASE Switch End : 3:1:0:1495:1507:1260:1252 : CASE Switch End 3:1:0:1495:1507:1260:1252 End execute (0 secs)
2025-04-30 19:31:47,388 : INFO  : KNIME-Worker-7-CASE Switch End 3:1:0:1495:1507:1260:1253 :  : LocalNodeExecutionJob : CASE Switch End : 3:1:0:1495:1507:1260:1253 : CASE Switch End 3:1:0:1495:1507:1260:1253 End execute (0 secs)
2025-04-30 19:31:47,389 : INFO  : KNIME-Worker-8-CASE Switch Start 3:1:0:1495:1507:1261:1251 :  : LocalNodeExecutionJob : CASE Switch Start : 3:1:0:1495:1507:1261:1251 : CASE Switch Start 3:1:0:1495:1507:1261:1251 End execute (0 secs)
2025-04-30 19:31:47,389 : INFO  : KNIME-Worker-7-Row Splitter 3:1:0:1495:1507:1261:1255 :  : LocalNodeExecutionJob : Row Splitter : 3:1:0:1495:1507:1261:1255 : Row Splitter 3:1:0:1495:1507:1261:1255 End execute (0 secs)
2025-04-30 19:31:47,390 : INFO  : KNIME-Worker-8-Row Filter 3:1:0:1495:1507:1261:1254 :  : LocalNodeExecutionJob : Row Filter : 3:1:0:1495:1507:1261:1254 : Row Filter 3:1:0:1495:1507:1261:1254 End execute (0 secs)
2025-04-30 19:31:47,390 : INFO  : KNIME-Worker-7-CASE Switch End 3:1:0:1495:1507:1261:1252 :  : LocalNodeExecutionJob : CASE Switch End : 3:1:0:1495:1507:1261:1252 : CASE Switch End 3:1:0:1495:1507:1261:1252 End execute (0 secs)
2025-04-30 19:31:47,393 : INFO  : KNIME-Worker-8-CASE Switch End 3:1:0:1495:1507:1261:1253 :  : LocalNodeExecutionJob : CASE Switch End : 3:1:0:1495:1507:1261:1253 : CASE Switch End 3:1:0:1495:1507:1261:1253 End execute (0 secs)
2025-04-30 19:31:47,393 : INFO  : KNIME-Worker-7-CASE Switch Start 3:1:0:1495:1507:1262:1251 :  : LocalNodeExecutionJob : CASE Switch Start : 3:1:0:1495:1507:1262:1251 : CASE Switch Start 3:1:0:1495:1507:1262:1251 End execute (0 secs)
2025-04-30 19:31:47,394 : INFO  : KNIME-Worker-8-Row Splitter 3:1:0:1495:1507:1262:1255 :  : LocalNodeExecutionJob : Row Splitter : 3:1:0:1495:1507:1262:1255 : Row Splitter 3:1:0:1495:1507:1262:1255 End execute (0 secs)
2025-04-30 19:31:47,394 : INFO  : KNIME-Worker-7-Row Filter 3:1:0:1495:1507:1262:1254 :  : LocalNodeExecutionJob : Row Filter : 3:1:0:1495:1507:1262:1254 : Row Filter 3:1:0:1495:1507:1262:1254 End execute (0 secs)
2025-04-30 19:31:47,395 : INFO  : KNIME-Worker-8-CASE Switch End 3:1:0:1495:1507:1262:1252 :  : LocalNodeExecutionJob : CASE Switch End : 3:1:0:1495:1507:1262:1252 : CASE Switch End 3:1:0:1495:1507:1262:1252 End execute (0 secs)
2025-04-30 19:31:47,397 : INFO  : KNIME-Worker-7-CASE Switch End 3:1:0:1495:1507:1262:1253 :  : LocalNodeExecutionJob : CASE Switch End : 3:1:0:1495:1507:1262:1253 : CASE Switch End 3:1:0:1495:1507:1262:1253 End execute (0 secs)
2025-04-30 19:31:47,397 : INFO  : KNIME-Worker-8-CASE Switch Start 3:1:0:1495:1507:1263:1251 :  : LocalNodeExecutionJob : CASE Switch Start : 3:1:0:1495:1507:1263:1251 : CASE Switch Start 3:1:0:1495:1507:1263:1251 End execute (0 secs)
2025-04-30 19:31:47,398 : INFO  : KNIME-Worker-7-Row Splitter 3:1:0:1495:1507:1263:1255 :  : LocalNodeExecutionJob : Row Splitter : 3:1:0:1495:1507:1263:1255 : Row Splitter 3:1:0:1495:1507:1263:1255 End execute (0 secs)
2025-04-30 19:31:47,398 : INFO  : KNIME-Worker-8-Row Filter 3:1:0:1495:1507:1263:1254 :  : LocalNodeExecutionJob : Row Filter : 3:1:0:1495:1507:1263:1254 : Row Filter 3:1:0:1495:1507:1263:1254 End execute (0 secs)
2025-04-30 19:31:47,399 : INFO  : KNIME-Worker-7-CASE Switch End 3:1:0:1495:1507:1263:1252 :  : LocalNodeExecutionJob : CASE Switch End : 3:1:0:1495:1507:1263:1252 : CASE Switch End 3:1:0:1495:1507:1263:1252 End execute (0 secs)
2025-04-30 19:31:47,402 : INFO  : KNIME-Worker-8-CASE Switch End 3:1:0:1495:1507:1263:1253 :  : LocalNodeExecutionJob : CASE Switch End : 3:1:0:1495:1507:1263:1253 : CASE Switch End 3:1:0:1495:1507:1263:1253 End execute (0 secs)
2025-04-30 19:31:47,404 : INFO  : KNIME-Worker-7-Column Filter 3:1:0:1495:2055:2006 :  : LocalNodeExecutionJob : Column Filter : 3:1:0:1495:2055:2006 : Column Filter 3:1:0:1495:2055:2006 End execute (0 secs)
2025-04-30 19:31:47,405 : INFO  : KNIME-Worker-8-Pivoting 3:1:0:1495:1370 :  : LocalNodeExecutionJob : Pivoting : 3:1:0:1495:1370 : Pivoting 3:1:0:1495:1370 End execute (0 secs)
2025-04-30 19:31:47,406 : INFO  : KNIME-Worker-7-Concatenate 3:1:0:1495:1507:1247 :  : LocalNodeExecutionJob : Concatenate : 3:1:0:1495:1507:1247 : Concatenate 3:1:0:1495:1507:1247 End execute (0 secs)
2025-04-30 19:31:47,406 : INFO  : KNIME-Worker-8-Python Script 3:1:0:1495:2055:1997 :  : LocalNodeExecutionJob : Python Script : 3:1:0:1495:2055:1997 : Python Script 3:1:0:1495:2055:1997 End execute (0 secs)
2025-04-30 19:31:47,407 : INFO  : KNIME-Worker-7-Column Rename (Regex) 3:1:0:1495:2036 :  : LocalNodeExecutionJob : Column Rename (Regex) : 3:1:0:1495:2036 : Column Rename (Regex) 3:1:0:1495:2036 End execute (0 secs)
2025-04-30 19:31:47,407 : INFO  : KNIME-Worker-8-CASE Switch Start 3:1:0:1495:2055:2025 :  : LocalNodeExecutionJob : CASE Switch Start : 3:1:0:1495:2055:2025 : CASE Switch Start 3:1:0:1495:2055:2025 End execute (0 secs)
2025-04-30 19:31:47,408 : INFO  : KNIME-Worker-7-Column Rename (Regex) 3:1:0:1495:2035 :  : LocalNodeExecutionJob : Column Rename (Regex) : 3:1:0:1495:2035 : Column Rename (Regex) 3:1:0:1495:2035 End execute (0 secs)
2025-04-30 19:31:47,408 : INFO  : KNIME-Worker-8-String Manipulation 3:1:0:1495:2055:2001 :  : LocalNodeExecutionJob : String Manipulation : 3:1:0:1495:2055:2001 : String Manipulation 3:1:0:1495:2055:2001 End execute (0 secs)
2025-04-30 19:31:47,408 : INFO  : KNIME-Worker-7-String Manipulation 3:1:0:1495:1503 :  : LocalNodeExecutionJob : String Manipulation : 3:1:0:1495:1503 : String Manipulation 3:1:0:1495:1503 End execute (0 secs)
2025-04-30 19:31:47,409 : INFO  : KNIME-Worker-8-Recursive Loop Start 3:1:0:1495:2055:2003 :  : LocalNodeExecutionJob : Recursive Loop Start : 3:1:0:1495:2055:2003 : Recursive Loop Start 3:1:0:1495:2055:2003 End execute (0 secs)
2025-04-30 19:31:47,410 : INFO  : KNIME-Worker-7-GroupBy 3:1:0:1495:1427 :  : LocalNodeExecutionJob : GroupBy : 3:1:0:1495:1427 : GroupBy 3:1:0:1495:1427 End execute (0 secs)
2025-04-30 19:31:47,410 : INFO  : KNIME-Worker-8-Python Script 3:1:0:1495:2055:1998 :  : LocalNodeExecutionJob : Python Script : 3:1:0:1495:2055:1998 : Python Script 3:1:0:1495:2055:1998 End execute (0 secs)
2025-04-30 19:31:47,410 : INFO  : KNIME-Worker-7-Pivoting 3:1:0:1495:1495 :  : LocalNodeExecutionJob : Pivoting : 3:1:0:1495:1495 : Pivoting 3:1:0:1495:1495 End execute (0 secs)
2025-04-30 19:31:47,411 : INFO  : KNIME-Worker-8-String Manipulation 3:1:0:1495:2055:1999 :  : LocalNodeExecutionJob : String Manipulation : 3:1:0:1495:2055:1999 : String Manipulation 3:1:0:1495:2055:1999 End execute (0 secs)
2025-04-30 19:31:47,411 : INFO  : KNIME-Worker-7-Row Filter 3:1:0:1495:2055:2013 :  : LocalNodeExecutionJob : Row Filter : 3:1:0:1495:2055:2013 : Row Filter 3:1:0:1495:2055:2013 End execute (0 secs)
2025-04-30 19:31:47,412 : INFO  : KNIME-Worker-8-Extract Table Dimension 3:1:0:1495:2055:2015 :  : LocalNodeExecutionJob : Extract Table Dimension : 3:1:0:1495:2055:2015 : Extract Table Dimension 3:1:0:1495:2055:2015 End execute (0 secs)
2025-04-30 19:31:47,412 : INFO  : KNIME-Worker-7-Python Script 3:1:0:1495:2055:2019 :  : LocalNodeExecutionJob : Python Script : 3:1:0:1495:2055:2019 : Python Script 3:1:0:1495:2055:2019 End execute (0 secs)
2025-04-30 19:31:47,413 : INFO  : KNIME-Worker-8-CASE Switch Start 3:1:0:1495:2055:2016 :  : LocalNodeExecutionJob : CASE Switch Start : 3:1:0:1495:2055:2016 : CASE Switch Start 3:1:0:1495:2055:2016 End execute (0 secs)
2025-04-30 19:31:47,413 : INFO  : KNIME-Worker-7-Column Filter 3:1:0:1495:2055:2020 :  : LocalNodeExecutionJob : Column Filter : 3:1:0:1495:2055:2020 : Column Filter 3:1:0:1495:2055:2020 End execute (0 secs)
2025-04-30 19:31:47,414 : INFO  : KNIME-Worker-8-String Manipulation 3:1:0:1495:2055:2000 :  : LocalNodeExecutionJob : String Manipulation : 3:1:0:1495:2055:2000 : String Manipulation 3:1:0:1495:2055:2000 End execute (0 secs)
2025-04-30 19:31:47,414 : INFO  : KNIME-Worker-7-Column Rename 3:1:0:1495:2055:2009 :  : LocalNodeExecutionJob : Column Rename : 3:1:0:1495:2055:2009 : Column Rename 3:1:0:1495:2055:2009 End execute (0 secs)
2025-04-30 19:31:47,415 : INFO  : KNIME-Worker-8-CASE Switch End 3:1:0:1495:2055:2017 :  : LocalNodeExecutionJob : CASE Switch End : 3:1:0:1495:2055:2017 : CASE Switch End 3:1:0:1495:2055:2017 End execute (0 secs)
2025-04-30 19:31:47,415 : INFO  : KNIME-Worker-7-Recursive Loop End 3:1:0:1495:2055:2004 :  : LocalNodeExecutionJob : Recursive Loop End : 3:1:0:1495:2055:2004 : Recursive Loop End 3:1:0:1495:2055:2004 End execute (0 secs)
2025-04-30 19:31:47,417 : INFO  : KNIME-Worker-8-CASE Switch End 3:1:0:1495:2055:2024 :  : LocalNodeExecutionJob : CASE Switch End : 3:1:0:1495:2055:2024 : CASE Switch End 3:1:0:1495:2055:2024 End execute (0 secs)
2025-04-30 19:31:47,417 : INFO  : KNIME-Worker-7-Reference Column Filter 3:1:0:1495:2055:2022 :  : LocalNodeExecutionJob : Reference Column Filter : 3:1:0:1495:2055:2022 : Reference Column Filter 3:1:0:1495:2055:2022 End execute (0 secs)
2025-04-30 19:31:47,418 : INFO  : KNIME-Worker-8-Column Appender 3:1:0:1495:2055:2021 :  : LocalNodeExecutionJob : Column Appender : 3:1:0:1495:2055:2021 : Column Appender 3:1:0:1495:2055:2021 End execute (0 secs)
2025-04-30 19:31:47,418 : INFO  : KNIME-Worker-7-Python Script 3:1:0:1495:2055:2026 :  : LocalNodeExecutionJob : Python Script : 3:1:0:1495:2055:2026 : Python Script 3:1:0:1495:2055:2026 End execute (0 secs)
2025-04-30 19:31:47,418 : INFO  : KNIME-Worker-8-Column Resorter 3:1:0:1495:2055:2023 :  : LocalNodeExecutionJob : Column Resorter : 3:1:0:1495:2055:2023 : Column Resorter 3:1:0:1495:2055:2023 End execute (0 secs)
2025-04-30 19:31:47,419 : INFO  : KNIME-Worker-7-CASE Switch Start 3:1:0:1495:2048 :  : LocalNodeExecutionJob : CASE Switch Start : 3:1:0:1495:2048 : CASE Switch Start 3:1:0:1495:2048 End execute (0 secs)
2025-04-30 19:31:47,419 : INFO  : KNIME-Worker-8-Row Filter 3:1:0:1495:2049 :  : LocalNodeExecutionJob : Row Filter : 3:1:0:1495:2049 : Row Filter 3:1:0:1495:2049 End execute (0 secs)
2025-04-30 19:31:47,420 : INFO  : KNIME-Worker-7-Round Double 3:1:0:1495:2052 :  : LocalNodeExecutionJob : Round Double : 3:1:0:1495:2052 : Round Double 3:1:0:1495:2052 End execute (0 secs)
2025-04-30 19:31:47,420 : INFO  : KNIME-Worker-8-Column Filter 3:1:0:1495:2053 :  : LocalNodeExecutionJob : Column Filter : 3:1:0:1495:2053 : Column Filter 3:1:0:1495:2053 End execute (0 secs)
2025-04-30 19:31:47,420 : INFO  : KNIME-Worker-7-Pivoting 3:1:0:1495:2056 :  : LocalNodeExecutionJob : Pivoting : 3:1:0:1495:2056 : Pivoting 3:1:0:1495:2056 End execute (0 secs)
2025-04-30 19:31:47,421 : INFO  : KNIME-Worker-8-String Manipulation 3:1:0:1495:2047 :  : LocalNodeExecutionJob : String Manipulation : 3:1:0:1495:2047 : String Manipulation 3:1:0:1495:2047 End execute (0 secs)
2025-04-30 19:31:47,422 : INFO  : KNIME-Worker-7-CASE Switch End 3:1:0:1495:2050 :  : LocalNodeExecutionJob : CASE Switch End : 3:1:0:1495:2050 : CASE Switch End 3:1:0:1495:2050 End execute (0 secs)
2025-04-30 19:31:47,672 : INFO  : KNIME-Worker-9-Row Splitter 3:1:0:1495:1374:1259:1246 :  : RowFilter2PortNodeModel : Row Splitter : 3:1:0:1495:1374:1259:1246 : The result table at port 1 contains no rows
2025-04-30 19:31:47,673 : INFO  : KNIME-Worker-9-Row Splitter 3:1:0:1495:1374:1259:1246 :  : LocalNodeExecutionJob : Row Splitter : 3:1:0:1495:1374:1259:1246 : Row Splitter 3:1:0:1495:1374:1259:1246 End execute (0 secs)
2025-04-30 19:31:47,680 : INFO  : KNIME-Worker-7-CASE Switch End 3:1:0:1495:1374:1259:1253 :  : CaseEndAnyNodeModel : CASE Switch End : 3:1:0:1495:1374:1259:1253 : The result table at port 0 contains no rows
2025-04-30 19:31:47,680 : INFO  : KNIME-Worker-8-CASE Switch End 3:1:0:1495:1374:1259:1252 :  : LocalNodeExecutionJob : CASE Switch End : 3:1:0:1495:1374:1259:1252 : CASE Switch End 3:1:0:1495:1374:1259:1252 End execute (0 secs)
2025-04-30 19:31:47,680 : WARN  : KNIME-Worker-7-CASE Switch End 3:1:0:1495:1374:1259:1253 :  : Node : CASE Switch End : 3:1:0:1495:1374:1259:1253 : Node created an empty data table.
2025-04-30 19:31:47,681 : INFO  : KNIME-Worker-7-CASE Switch End 3:1:0:1495:1374:1259:1253 :  : LocalNodeExecutionJob : CASE Switch End : 3:1:0:1495:1374:1259:1253 : CASE Switch End 3:1:0:1495:1374:1259:1253 End execute (0 secs)
2025-04-30 19:31:47,693 : WARN  : KNIME-Worker-8-CASE Switch End 3:1:0:1495:1374:1259:1252 :  : Node : CASE Switch Start : 3:1:0:1495:2023:2025 : Errors overwriting node settings with flow variables: Unknown variable "sequence_mods_switch"
2025-04-30 19:31:47,696 : INFO  : KNIME-Worker-9-CASE Switch Start 3:1:0:1495:1374:1260:1251 :  : LocalNodeExecutionJob : CASE Switch Start : 3:1:0:1495:1374:1260:1251 : CASE Switch Start 3:1:0:1495:1374:1260:1251 End execute (0 secs)
2025-04-30 19:31:47,697 : INFO  : KNIME-Worker-8-Row Filter 3:1:0:1495:1374:1260:1254 :  : LocalNodeExecutionJob : Row Filter : 3:1:0:1495:1374:1260:1254 : Row Filter 3:1:0:1495:1374:1260:1254 End execute (0 secs)
2025-04-30 19:31:47,894 : INFO  : KNIME-Worker-7-Row Splitter 3:1:0:1495:1374:1260:1241 :  : RowFilter2PortNodeModel : Row Splitter : 3:1:0:1495:1374:1260:1241 : The result table at port 1 contains no rows
2025-04-30 19:31:47,894 : INFO  : KNIME-Worker-7-Row Splitter 3:1:0:1495:1374:1260:1241 :  : LocalNodeExecutionJob : Row Splitter : 3:1:0:1495:1374:1260:1241 : Row Splitter 3:1:0:1495:1374:1260:1241 End execute (0 secs)
2025-04-30 19:31:47,896 : INFO  : KNIME-Worker-9-CASE Switch End 3:1:0:1495:1374:1260:1253 :  : CaseEndAnyNodeModel : CASE Switch End : 3:1:0:1495:1374:1260:1253 : The result table at port 0 contains no rows
2025-04-30 19:31:47,896 : INFO  : KNIME-Worker-8-CASE Switch End 3:1:0:1495:1374:1260:1252 :  : LocalNodeExecutionJob : CASE Switch End : 3:1:0:1495:1374:1260:1252 : CASE Switch End 3:1:0:1495:1374:1260:1252 End execute (0 secs)
2025-04-30 19:31:47,896 : WARN  : KNIME-Worker-9-CASE Switch End 3:1:0:1495:1374:1260:1253 :  : Node : CASE Switch End : 3:1:0:1495:1374:1260:1253 : Node created an empty data table.
2025-04-30 19:31:47,896 : INFO  : KNIME-Worker-9-CASE Switch End 3:1:0:1495:1374:1260:1253 :  : LocalNodeExecutionJob : CASE Switch End : 3:1:0:1495:1374:1260:1253 : CASE Switch End 3:1:0:1495:1374:1260:1253 End execute (0 secs)
2025-04-30 19:31:47,902 : WARN  : KNIME-Worker-8-CASE Switch End 3:1:0:1495:1374:1260:1252 :  : Node : CASE Switch Start : 3:1:0:1495:2023:2025 : Errors overwriting node settings with flow variables: Unknown variable "sequence_mods_switch"
2025-04-30 19:31:47,904 : INFO  : KNIME-Worker-7-CASE Switch Start 3:1:0:1495:1374:1261:1251 :  : LocalNodeExecutionJob : CASE Switch Start : 3:1:0:1495:1374:1261:1251 : CASE Switch Start 3:1:0:1495:1374:1261:1251 End execute (0 secs)
2025-04-30 19:31:47,905 : INFO  : KNIME-Worker-8-Row Splitter 3:1:0:1495:1374:1261:1249 :  : LocalNodeExecutionJob : Row Splitter : 3:1:0:1495:1374:1261:1249 : Row Splitter 3:1:0:1495:1374:1261:1249 End execute (0 secs)
2025-04-30 19:31:47,906 : INFO  : KNIME-Worker-7-CASE Switch End 3:1:0:1495:1374:1261:1252 :  : LocalNodeExecutionJob : CASE Switch End : 3:1:0:1495:1374:1261:1252 : CASE Switch End 3:1:0:1495:1374:1261:1252 End execute (0 secs)
2025-04-30 19:31:47,924 : WARN  : KNIME-Worker-7-CASE Switch End 3:1:0:1495:1374:1261:1252 :  : Node : CASE Switch Start : 3:1:0:1495:2023:2025 : Errors overwriting node settings with flow variables: Unknown variable "sequence_mods_switch"
2025-04-30 19:31:47,925 : INFO  : KNIME-Worker-8-CASE Switch Start 3:1:0:1495:1374:1262:1251 :  : LocalNodeExecutionJob : CASE Switch Start : 3:1:0:1495:1374:1262:1251 : CASE Switch Start 3:1:0:1495:1374:1262:1251 End execute (0 secs)
2025-04-30 19:31:47,926 : INFO  : KNIME-Worker-9-Row Filter 3:1:0:1495:1374:1261:1254 :  : RowFilterNodeModel : Row Filter : 3:1:0:1495:1374:1261:1254 : The result table at port 0 contains no rows
2025-04-30 19:31:47,926 : WARN  : KNIME-Worker-9-Row Filter 3:1:0:1495:1374:1261:1254 :  : Node : Row Filter : 3:1:0:1495:1374:1261:1254 : Node created an empty data table.
2025-04-30 19:31:47,926 : INFO  : KNIME-Worker-7-Row Splitter 3:1:0:1495:1374:1262:1248 :  : LocalNodeExecutionJob : Row Splitter : 3:1:0:1495:1374:1262:1248 : Row Splitter 3:1:0:1495:1374:1262:1248 End execute (0 secs)
2025-04-30 19:31:47,926 : INFO  : KNIME-Worker-9-Row Filter 3:1:0:1495:1374:1261:1254 :  : LocalNodeExecutionJob : Row Filter : 3:1:0:1495:1374:1261:1254 : Row Filter 3:1:0:1495:1374:1261:1254 End execute (0 secs)
2025-04-30 19:31:47,928 : INFO  : KNIME-Worker-7-CASE Switch End 3:1:0:1495:1374:1262:1252 :  : LocalNodeExecutionJob : CASE Switch End : 3:1:0:1495:1374:1262:1252 : CASE Switch End 3:1:0:1495:1374:1262:1252 End execute (0 secs)
2025-04-30 19:31:47,930 : WARN  : KNIME-Worker-7-CASE Switch End 3:1:0:1495:1374:1262:1252 :  : Node : CASE Switch Start : 3:1:0:1495:2023:2025 : Errors overwriting node settings with flow variables: Unknown variable "sequence_mods_switch"
2025-04-30 19:31:47,930 : INFO  : KNIME-Worker-9-CASE Switch End 3:1:0:1495:1374:1261:1253 :  : CaseEndAnyNodeModel : CASE Switch End : 3:1:0:1495:1374:1261:1253 : The result table at port 0 contains no rows
2025-04-30 19:31:47,930 : WARN  : KNIME-Worker-9-CASE Switch End 3:1:0:1495:1374:1261:1253 :  : Node : CASE Switch End : 3:1:0:1495:1374:1261:1253 : Node created an empty data table.
2025-04-30 19:31:47,930 : INFO  : KNIME-Worker-9-CASE Switch End 3:1:0:1495:1374:1261:1253 :  : LocalNodeExecutionJob : CASE Switch End : 3:1:0:1495:1374:1261:1253 : CASE Switch End 3:1:0:1495:1374:1261:1253 End execute (0 secs)
2025-04-30 19:31:47,932 : INFO  : KNIME-Worker-7-CASE Switch Start 3:1:0:1495:1374:1263:1251 :  : LocalNodeExecutionJob : CASE Switch Start : 3:1:0:1495:1374:1263:1251 : CASE Switch Start 3:1:0:1495:1374:1263:1251 End execute (0 secs)
2025-04-30 19:31:47,933 : INFO  : KNIME-Worker-9-Row Splitter 3:1:0:1495:1374:1263:1250 :  : LocalNodeExecutionJob : Row Splitter : 3:1:0:1495:1374:1263:1250 : Row Splitter 3:1:0:1495:1374:1263:1250 End execute (0 secs)
2025-04-30 19:31:47,934 : INFO  : KNIME-Worker-8-Row Filter 3:1:0:1495:1374:1262:1254 :  : RowFilterNodeModel : Row Filter : 3:1:0:1495:1374:1262:1254 : The result table at port 0 contains no rows
2025-04-30 19:31:47,934 : WARN  : KNIME-Worker-8-Row Filter 3:1:0:1495:1374:1262:1254 :  : Node : Row Filter : 3:1:0:1495:1374:1262:1254 : Node created an empty data table.
2025-04-30 19:31:47,934 : INFO  : KNIME-Worker-8-Row Filter 3:1:0:1495:1374:1262:1254 :  : LocalNodeExecutionJob : Row Filter : 3:1:0:1495:1374:1262:1254 : Row Filter 3:1:0:1495:1374:1262:1254 End execute (0 secs)
2025-04-30 19:31:47,937 : INFO  : KNIME-Worker-7-Row Filter 3:1:0:1495:1374:1263:1254 :  : RowFilterNodeModel : Row Filter : 3:1:0:1495:1374:1263:1254 : The result table at port 0 contains no rows
2025-04-30 19:31:47,937 : WARN  : KNIME-Worker-7-Row Filter 3:1:0:1495:1374:1263:1254 :  : Node : Row Filter : 3:1:0:1495:1374:1263:1254 : Node created an empty data table.
2025-04-30 19:31:47,937 : INFO  : KNIME-Worker-9-CASE Switch End 3:1:0:1495:1374:1263:1252 :  : LocalNodeExecutionJob : CASE Switch End : 3:1:0:1495:1374:1263:1252 : CASE Switch End 3:1:0:1495:1374:1263:1252 End execute (0 secs)
2025-04-30 19:31:47,937 : INFO  : KNIME-Worker-7-Row Filter 3:1:0:1495:1374:1263:1254 :  : LocalNodeExecutionJob : Row Filter : 3:1:0:1495:1374:1263:1254 : Row Filter 3:1:0:1495:1374:1263:1254 End execute (0 secs)
2025-04-30 19:31:47,940 : WARN  : KNIME-Worker-9-CASE Switch End 3:1:0:1495:1374:1263:1252 :  : Node : CASE Switch Start : 3:1:0:1495:2023:2025 : Errors overwriting node settings with flow variables: Unknown variable "sequence_mods_switch"
2025-04-30 19:31:47,942 : WARN  : KNIME-Worker-7-Row Filter 3:1:0:1495:1374:1263:1254 :  : Node : CASE Switch Start : 3:1:0:1495:2023:2025 : Errors overwriting node settings with flow variables: Unknown variable "sequence_mods_switch"
2025-04-30 19:31:47,943 : INFO  : KNIME-Worker-8-CASE Switch End 3:1:0:1495:1374:1262:1253 :  : CaseEndAnyNodeModel : CASE Switch End : 3:1:0:1495:1374:1262:1253 : The result table at port 0 contains no rows
2025-04-30 19:31:47,943 : WARN  : KNIME-Worker-8-CASE Switch End 3:1:0:1495:1374:1262:1253 :  : Node : CASE Switch End : 3:1:0:1495:1374:1262:1253 : Node created an empty data table.
2025-04-30 19:31:47,943 : INFO  : KNIME-Worker-8-CASE Switch End 3:1:0:1495:1374:1262:1253 :  : LocalNodeExecutionJob : CASE Switch End : 3:1:0:1495:1374:1262:1253 : CASE Switch End 3:1:0:1495:1374:1262:1253 End execute (0 secs)
2025-04-30 19:31:47,960 : INFO  : KNIME-Worker-7-Column Filter 3:1:0:1495:2023:2006 :  : LocalNodeExecutionJob : Column Filter : 3:1:0:1495:2023:2006 : Column Filter 3:1:0:1495:2023:2006 End execute (0 secs)
2025-04-30 19:31:47,961 : WARN  : KNIME-Worker-7-Column Filter 3:1:0:1495:2023:2006 :  : Node : CASE Switch Start : 3:1:0:1495:2023:2025 : Errors overwriting node settings with flow variables: Unknown variable "sequence_mods_switch"
2025-04-30 19:31:47,962 : INFO  : KNIME-Worker-8-CASE Switch End 3:1:0:1495:1374:1263:1253 :  : CaseEndAnyNodeModel : CASE Switch End : 3:1:0:1495:1374:1263:1253 : The result table at port 0 contains no rows
2025-04-30 19:31:47,962 : WARN  : KNIME-Worker-8-CASE Switch End 3:1:0:1495:1374:1263:1253 :  : Node : CASE Switch End : 3:1:0:1495:1374:1263:1253 : Node created an empty data table.
2025-04-30 19:31:47,962 : INFO  : KNIME-Worker-8-CASE Switch End 3:1:0:1495:1374:1263:1253 :  : LocalNodeExecutionJob : CASE Switch End : 3:1:0:1495:1374:1263:1253 : CASE Switch End 3:1:0:1495:1374:1263:1253 End execute (0 secs)
2025-04-30 19:31:47,964 : WARN  : KNIME-Worker-8-CASE Switch End 3:1:0:1495:1374:1263:1253 :  : Node : CASE Switch Start : 3:1:0:1495:2023:2025 : Errors overwriting node settings with flow variables: Unknown variable "sequence_mods_switch"
2025-04-30 19:31:49,047 : INFO  : KNIME-Worker-9-Pivoting 3:1:0:1495:1429 :  : LocalNodeExecutionJob : Pivoting : 3:1:0:1495:1429 : Pivoting 3:1:0:1495:1429 End execute (1 sec)
2025-04-30 19:31:49,128 : WARN  : KNIME-Worker-7-Python Script 3:1:0:1495:2023:1997 :  : Python3KernelBackend : Python Script : 3:1:0:1495:2023:1997 : Array-typed flow variable 'modifications_lists' is empty and will be ignored.
2025-04-30 19:31:49,129 : INFO  : KNIME-Worker-7-Python Script 3:1:0:1495:2023:1997 :  : LocalNodeExecutionJob : Python Script : 3:1:0:1495:2023:1997 : Python Script 3:1:0:1495:2023:1997 End execute (1 sec)
2025-04-30 19:31:49,379 : WARN  : KNIME-Worker-7-Python Script 3:1:0:1495:2023:1997 :  : Node : CASE Switch Start : 3:1:0:1495:2023:2016 : Errors overwriting node settings with flow variables: Unknown variable "mod_column_add_switch"
2025-04-30 19:31:49,380 : INFO  : KNIME-Worker-9-Column Rename (Regex) 3:1:0:1495:2033 :  : LocalNodeExecutionJob : Column Rename (Regex) : 3:1:0:1495:2033 : Column Rename (Regex) 3:1:0:1495:2033 End execute (0 secs)
2025-04-30 19:31:49,381 : INFO  : KNIME-Worker-8-Concatenate 3:1:0:1495:1374:1247 :  : AppendedRowsNodeModel : Concatenate : 3:1:0:1495:1374:1247 : The result table at port 0 contains no rows
2025-04-30 19:31:49,381 : INFO  : KNIME-Worker-7-CASE Switch Start 3:1:0:1495:2023:2025 :  : LocalNodeExecutionJob : CASE Switch Start : 3:1:0:1495:2023:2025 : CASE Switch Start 3:1:0:1495:2023:2025 End execute (0 secs)
2025-04-30 19:31:49,381 : WARN  : KNIME-Worker-8-Concatenate 3:1:0:1495:1374:1247 :  : 2025-04-30 19:31:49,381Node :  : INFOConcatenate  :  : KNIME-Worker-7-CASE Switch Start 3:1:0:1495:2023:2025 : 3:1:0:1495:1374:1247 :  : LocalNodeExecutionJob : CASE Switch Start : 3:1:0:1495:2023:2025 : CASE Switch Start 3:1:0:1495:2023:2025 End execute (0 secs)
Node created an empty data table.
2025-04-30 19:31:49,382 : INFO  : KNIME-Worker-8-Concatenate 3:1:0:1495:1374:1247 :  : LocalNodeExecutionJob : Concatenate : 3:1:0:1495:1374:1247 : Concatenate 3:1:0:1495:1374:1247 End execute (0 secs)
2025-04-30 19:31:49,400 : WARN  : KNIME-Worker-7-CASE Switch Start 3:1:0:1495:2023:2025 :  : Node : Round Double : 3:1:0:1495:2028 : 5 selected columns are not available anymore.
2025-04-30 19:31:49,406 : WARN  : KNIME-Worker-7-CASE Switch Start 3:1:0:1495:2023:2025 :  : Node : Pivoting : 3:1:0:1495:2025 : Errors overwriting node settings with flow variables: Unknown variable "columns_to_group_with"
2025-04-30 19:31:49,473 : INFO  : KNIME-Worker-7-String Manipulation 3:1:0:1495:2023:2001 :  : LocalNodeExecutionJob : String Manipulation : 3:1:0:1495:2023:2001 : String Manipulation 3:1:0:1495:2023:2001 End execute (0 secs)
2025-04-30 19:31:49,473 : INFO  : KNIME-Worker-9-Column Rename (Regex) 3:1:0:1495:2034 :  : LocalNodeExecutionJob : Column Rename (Regex) : 3:1:0:1495:2034 : Column Rename (Regex) 3:1:0:1495:2034 End execute (0 secs)
2025-04-30 19:31:49,473 : INFO  : KNIME-Worker-8-Recursive Loop Start 3:1:0:1495:2023:2003 :  : LocalNodeExecutionJob : Recursive Loop Start : 3:1:0:1495:2023:2003 : Recursive Loop Start 3:1:0:1495:2023:2003 End execute (0 secs)
2025-04-30 19:31:49,474 : INFO  : KNIME-Worker-9-Python Script 3:1:0:1495:2023:1998 :  : LocalNodeExecutionJob : Python Script : 3:1:0:1495:2023:1998 : Python Script 3:1:0:1495:2023:1998 End execute (0 secs)
2025-04-30 19:31:49,474 : INFO  : KNIME-Worker-8-String Manipulation 3:1:0:1495:2023:1999 :  : LocalNodeExecutionJob : String Manipulation : 3:1:0:1495:2023:1999 : String Manipulation 3:1:0:1495:2023:1999 End execute (0 secs)
2025-04-30 19:31:49,475 : INFO  : KNIME-Worker-9-Row Filter 3:1:0:1495:2023:2013 :  : LocalNodeExecutionJob : Row Filter : 3:1:0:1495:2023:2013 : Row Filter 3:1:0:1495:2023:2013 End execute (0 secs)
2025-04-30 19:31:49,475 : INFO  : KNIME-Worker-8-Extract Table Dimension 3:1:0:1495:2023:2015 :  : LocalNodeExecutionJob : Extract Table Dimension : 3:1:0:1495:2023:2015 : Extract Table Dimension 3:1:0:1495:2023:2015 End execute (0 secs)
2025-04-30 19:31:49,476 : INFO  : KNIME-Worker-9-Python Script 3:1:0:1495:2023:2019 :  : LocalNodeExecutionJob : Python Script : 3:1:0:1495:2023:2019 : Python Script 3:1:0:1495:2023:2019 End execute (0 secs)
2025-04-30 19:31:49,476 : INFO  : KNIME-Worker-8-CASE Switch Start 3:1:0:1495:2023:2016 :  : LocalNodeExecutionJob : CASE Switch Start : 3:1:0:1495:2023:2016 : CASE Switch Start 3:1:0:1495:2023:2016 End execute (0 secs)
2025-04-30 19:31:49,476 : INFO  : KNIME-Worker-9-Column Filter 3:1:0:1495:2023:2020 :  : LocalNodeExecutionJob : Column Filter : 3:1:0:1495:2023:2020 : Column Filter 3:1:0:1495:2023:2020 End execute (0 secs)
2025-04-30 19:31:49,477 : INFO  : KNIME-Worker-8-String Manipulation 3:1:0:1495:2023:2000 :  : LocalNodeExecutionJob : String Manipulation : 3:1:0:1495:2023:2000 : String Manipulation 3:1:0:1495:2023:2000 End execute (0 secs)
2025-04-30 19:31:49,477 : INFO  : KNIME-Worker-9-Column Rename 3:1:0:1495:2023:2009 :  : LocalNodeExecutionJob : Column Rename : 3:1:0:1495:2023:2009 : Column Rename 3:1:0:1495:2023:2009 End execute (0 secs)
2025-04-30 19:31:49,477 : INFO  : KNIME-Worker-8-CASE Switch End 3:1:0:1495:2023:2017 :  : LocalNodeExecutionJob : CASE Switch End : 3:1:0:1495:2023:2017 : CASE Switch End 3:1:0:1495:2023:2017 End execute (0 secs)
2025-04-30 19:31:49,478 : INFO  : KNIME-Worker-9-Recursive Loop End 3:1:0:1495:2023:2004 :  : LocalNodeExecutionJob : Recursive Loop End : 3:1:0:1495:2023:2004 : Recursive Loop End 3:1:0:1495:2023:2004 End execute (0 secs)
2025-04-30 19:31:49,479 : INFO  : KNIME-Worker-8-CASE Switch End 3:1:0:1495:2023:2024 :  : LocalNodeExecutionJob : CASE Switch End : 3:1:0:1495:2023:2024 : CASE Switch End 3:1:0:1495:2023:2024 End execute (0 secs)
2025-04-30 19:31:49,480 : INFO  : KNIME-Worker-9-Reference Column Filter 3:1:0:1495:2023:2022 :  : LocalNodeExecutionJob : Reference Column Filter : 3:1:0:1495:2023:2022 : Reference Column Filter 3:1:0:1495:2023:2022 End execute (0 secs)
2025-04-30 19:31:49,524 : INFO  : KNIME-Worker-8-Column Appender 3:1:0:1495:2023:2021 :  : LocalNodeExecutionJob : Column Appender : 3:1:0:1495:2023:2021 : Column Appender 3:1:0:1495:2023:2021 End execute (0 secs)
2025-04-30 19:31:49,530 : INFO  : KNIME-Worker-7-String Manipulation 3:1:0:1495:1502 :  : LocalNodeExecutionJob : String Manipulation : 3:1:0:1495:1502 : String Manipulation 3:1:0:1495:1502 End execute (0 secs)
2025-04-30 19:31:49,928 : INFO  : KNIME-Worker-9-Python Script 3:1:0:1495:2023:2026 :  : LocalNodeExecutionJob : Python Script : 3:1:0:1495:2023:2026 : Python Script 3:1:0:1495:2023:2026 End execute (0 secs)
2025-04-30 19:31:49,929 : WARN  : KNIME-Worker-9-Python Script 3:1:0:1495:2023:2026 :  : Node : Round Double : 3:1:0:1495:2028 : 5 selected columns are not available anymore.
2025-04-30 19:31:49,932 : WARN  : KNIME-Worker-9-Python Script 3:1:0:1495:2023:2026 :  : Node : Pivoting : 3:1:0:1495:2025 : 5 invalid aggregation column(s) found.
2025-04-30 19:31:49,933 : WARN  : KNIME-Worker-9-Python Script 3:1:0:1495:2023:2026 :  : Node : Pivoting : 3:1:0:1495:2025 : 5 invalid aggregation column(s) found.
2025-04-30 19:31:49,933 : WARN  : KNIME-Worker-9-Python Script 3:1:0:1495:2023:2026 :  : Node : Pivoting : 3:1:0:1495:2025 : 5 invalid aggregation column(s) found.
2025-04-30 19:31:49,959 : INFO  : KNIME-Worker-7-Column Resorter 3:1:0:1495:2023:2023 :  : LocalNodeExecutionJob : Column Resorter : 3:1:0:1495:2023:2023 : Column Resorter 3:1:0:1495:2023:2023 End execute (0 secs)
2025-04-30 19:31:50,030 : INFO  : KNIME-Worker-8-GroupBy 3:1:0:1495:1431 :  : LocalNodeExecutionJob : GroupBy : 3:1:0:1495:1431 : GroupBy 3:1:0:1495:1431 End execute (0 secs)
2025-04-30 19:31:50,032 : INFO  : KNIME-Worker-7-CASE Switch End 3:1:0:1495:1252 :  : LocalNodeExecutionJob : CASE Switch End : 3:1:0:1495:1252 : CASE Switch End 3:1:0:1495:1252 End execute (0 secs)
2025-04-30 19:31:50,114 : INFO  : KNIME-Worker-8-Row Splitter 3:1:0:1536 :  : RowFilter2PortNodeModel : Row Splitter : 3:1:0:1536 : The result table at port 1 contains no rows
2025-04-30 19:31:50,115 : INFO  : KNIME-Worker-8-Row Splitter 3:1:0:1536 :  : LocalNodeExecutionJob : Row Splitter : 3:1:0:1536 : Row Splitter 3:1:0:1536 End execute (0 secs)
2025-04-30 19:31:50,126 : INFO  : KNIME-Worker-7-Math Formula 3:1:0:1359 :  : LocalNodeExecutionJob : Math Formula : 3:1:0:1359 : Math Formula 3:1:0:1359 End execute (0 secs)
2025-04-30 19:31:50,145 : INFO  : KNIME-Worker-7-Component Input 3:1:0:0:0:266 :  : LocalNodeExecutionJob : Component Input : 3:1:0:0:0:266 : Component Input 3:1:0:0:0:266 End execute (0 secs)
2025-04-30 19:31:50,160 : INFO  : KNIME-Worker-11-Multiple Selection Configuration 3:1:0:0:0:983 :  : LocalNodeExecutionJob : Multiple Selection Configuration : 3:1:0:0:0:983 : Multiple Selection Configuration 3:1:0:0:0:983 End execute (0 secs)
2025-04-30 19:31:50,162 : INFO  : KNIME-Worker-7-Column Filter Configuration 3:1:0:0:0:982 :  : LocalNodeExecutionJob : Column Filter Configuration : 3:1:0:0:0:982 : Column Filter Configuration 3:1:0:0:0:982 End execute (0 secs)
2025-04-30 19:31:50,165 : INFO  : KNIME-Worker-11-Multiple Selection Configuration 3:1:0:0:0:994 :  : LocalNodeExecutionJob : Multiple Selection Configuration : 3:1:0:0:0:994 : Multiple Selection Configuration 3:1:0:0:0:994 End execute (0 secs)
2025-04-30 19:31:50,166 : INFO  : KNIME-Worker-7-String Configuration 3:1:0:0:0:995 :  : LocalNodeExecutionJob : String Configuration : 3:1:0:0:0:995 : String Configuration 3:1:0:0:0:995 End execute (0 secs)
2025-04-30 19:31:50,166 : INFO  : KNIME-Worker-11-String Configuration 3:1:0:0:0:996 :  : LocalNodeExecutionJob : String Configuration : 3:1:0:0:0:996 : String Configuration 3:1:0:0:0:996 End execute (0 secs)
2025-04-30 19:31:50,167 : INFO  : KNIME-Worker-7-String Configuration 3:1:0:0:0:997 :  : LocalNodeExecutionJob : String Configuration : 3:1:0:0:0:997 : String Configuration 3:1:0:0:0:997 End execute (0 secs)
2025-04-30 19:31:50,168 : INFO  : KNIME-Worker-11-String Configuration 3:1:0:0:0:999 :  : LocalNodeExecutionJob : String Configuration : 3:1:0:0:0:999 : String Configuration 3:1:0:0:0:999 End execute (0 secs)
2025-04-30 19:31:50,169 : INFO  : KNIME-Worker-7-String Input (legacy) 3:1:0:0:0:1000 :  : LocalNodeExecutionJob : String Input (legacy) : 3:1:0:0:0:1000 : String Input (legacy) 3:1:0:0:0:1000 End execute (0 secs)
2025-04-30 19:31:50,905 : INFO  : KNIME-Worker-9-Pivoting 3:1:0:1495:1493 :  : LocalNodeExecutionJob : Pivoting : 3:1:0:1495:1493 : Pivoting 3:1:0:1495:1493 End execute (0 secs)
2025-04-30 19:31:50,911 : INFO  : KNIME-Worker-7-CASE Switch Start 3:1:0:1495:2038 :  : LocalNodeExecutionJob : CASE Switch Start : 3:1:0:1495:2038 : CASE Switch Start 3:1:0:1495:2038 End execute (0 secs)
2025-04-30 19:31:50,917 : WARN  : KNIME-Worker-7-CASE Switch Start 3:1:0:1495:2038 :  : Node : Row Splitter : 3:1:0:2005 : Column range filter: Input table doesn't contain specified column name
2025-04-30 19:31:50,917 : INFO  : KNIME-Worker-9-CASE Switch End 3:1:0:1495:1508 :  : LocalNodeExecutionJob : CASE Switch End : 3:1:0:1495:1508 : CASE Switch End 3:1:0:1495:1508 End execute (0 secs)
2025-04-30 19:31:50,936 : INFO  : KNIME-Worker-7-Row Filter 3:1:0:1495:2046 :  : LocalNodeExecutionJob : Row Filter : 3:1:0:1495:2046 : Row Filter 3:1:0:1495:2046 End execute (0 secs)
2025-04-30 19:31:50,936 : INFO  : KNIME-Worker-9-Round Double 3:1:0:1495:2028 :  : LocalNodeExecutionJob : Round Double : 3:1:0:1495:2028 : Round Double 3:1:0:1495:2028 End execute (0 secs)
2025-04-30 19:31:50,997 : INFO  : KNIME-Worker-7-Row Splitter 3:1:0:1535 :  : RowFilter2PortNodeModel : Row Splitter : 3:1:0:1535 : The result table at port 1 contains no rows
2025-04-30 19:31:50,997 : INFO  : KNIME-Worker-7-Row Splitter 3:1:0:1535 :  : LocalNodeExecutionJob : Row Splitter : 3:1:0:1535 : Row Splitter 3:1:0:1535 End execute (0 secs)
2025-04-30 19:31:50,999 : INFO  : KNIME-Worker-9-Column Filter 3:1:0:1495:2006 :  : LocalNodeExecutionJob : Column Filter : 3:1:0:1495:2006 : Column Filter 3:1:0:1495:2006 End execute (0 secs)
2025-04-30 19:31:50,999 : INFO  : KNIME-Worker-7-Pivoting 3:1:0:1495:2025 :  : LocalNodeExecutionJob : Pivoting : 3:1:0:1495:2025 : Pivoting 3:1:0:1495:2025 End execute (0 secs)
2025-04-30 19:31:51,052 : INFO  : KNIME-Worker-9-Math Formula 3:1:0:1501 :  : LocalNodeExecutionJob : Math Formula : 3:1:0:1501 : Math Formula 3:1:0:1501 End execute (0 secs)
2025-04-30 19:31:51,075 : INFO  : KNIME-Worker-7-String Manipulation 3:1:0:1495:2045 :  : LocalNodeExecutionJob : String Manipulation : 3:1:0:1495:2045 : String Manipulation 3:1:0:1495:2045 End execute (0 secs)
2025-04-30 19:31:51,075 : WARN  : KNIME-Worker-7-String Manipulation 3:1:0:1495:2045 :  : Node : Row Splitter : 3:1:0:2005 : Column range filter: Input table doesn't contain specified column name
2025-04-30 19:31:51,077 : INFO  : KNIME-Worker-7-CASE Switch End 3:1:0:1495:2024 :  : LocalNodeExecutionJob : CASE Switch End : 3:1:0:1495:2024 : CASE Switch End 3:1:0:1495:2024 End execute (0 secs)
2025-04-30 19:31:51,078 : INFO  : KNIME-Worker-7-Component Input 3:1:0:1503:0:266 :  : LocalNodeExecutionJob : Component Input : 3:1:0:1503:0:266 : Component Input 3:1:0:1503:0:266 End execute (0 secs)
2025-04-30 19:31:51,083 : INFO  : KNIME-Worker-12-Multiple Selection Configuration 3:1:0:1503:0:983 :  : LocalNodeExecutionJob : Multiple Selection Configuration : 3:1:0:1503:0:983 : Multiple Selection Configuration 3:1:0:1503:0:983 End execute (0 secs)
2025-04-30 19:31:51,084 : INFO  : KNIME-Worker-7-CASE Switch End 3:1:0:1495:2026 :  : LocalNodeExecutionJob : CASE Switch End : 3:1:0:1495:2026 : CASE Switch End 3:1:0:1495:2026 End execute (0 secs)
2025-04-30 19:31:51,084 : WARN  : KNIME-Worker-7-CASE Switch End 3:1:0:1495:2026 :  : Node : Row Splitter : 3:1:0:2005 : Column range filter: Input table doesn't contain specified column name
2025-04-30 19:31:51,088 : INFO  : KNIME-Worker-12-Column Filter Configuration 3:1:0:1503:0:982 :  : LocalNodeExecutionJob : Column Filter Configuration : 3:1:0:1503:0:982 : Column Filter Configuration 3:1:0:1503:0:982 End execute (0 secs)
2025-04-30 19:31:51,091 : INFO  : KNIME-Worker-7-Multiple Selection Configuration 3:1:0:1503:0:994 :  : LocalNodeExecutionJob : Multiple Selection Configuration : 3:1:0:1503:0:994 : Multiple Selection Configuration 3:1:0:1503:0:994 End execute (0 secs)
2025-04-30 19:31:51,092 : INFO  : KNIME-Worker-12-String Configuration 3:1:0:1503:0:995 :  : LocalNodeExecutionJob : String Configuration : 3:1:0:1503:0:995 : String Configuration 3:1:0:1503:0:995 End execute (0 secs)
2025-04-30 19:31:51,092 : INFO  : KNIME-Worker-7-String Configuration 3:1:0:1503:0:996 :  : LocalNodeExecutionJob : String Configuration : 3:1:0:1503:0:996 : String Configuration 3:1:0:1503:0:996 End execute (0 secs)
2025-04-30 19:31:51,093 : INFO  : KNIME-Worker-12-String Configuration 3:1:0:1503:0:997 :  : LocalNodeExecutionJob : String Configuration : 3:1:0:1503:0:997 : String Configuration 3:1:0:1503:0:997 End execute (0 secs)
2025-04-30 19:31:51,093 : INFO  : KNIME-Worker-7-String Configuration 3:1:0:1503:0:999 :  : LocalNodeExecutionJob : String Configuration : 3:1:0:1503:0:999 : String Configuration 3:1:0:1503:0:999 End execute (0 secs)
2025-04-30 19:31:51,094 : INFO  : KNIME-Worker-12-String Input (legacy) 3:1:0:1503:0:1000 :  : LocalNodeExecutionJob : String Input (legacy) : 3:1:0:1503:0:1000 : String Input (legacy) 3:1:0:1503:0:1000 End execute (0 secs)
2025-04-30 19:31:51,099 : INFO  : KNIME-Worker-11-Python Script (legacy) 3:1:0:0:0:979 :  : LocalNodeExecutionJob : Python Script (legacy) : 3:1:0:0:0:979 : Python Script (legacy) 3:1:0:0:0:979 End execute (0 secs)
2025-04-30 19:31:51,127 : INFO  : KNIME-Worker-12-Math Formula (Multi Column) 3:1:0:0:0:845 :  : LocalNodeExecutionJob : Math Formula (Multi Column) : 3:1:0:0:0:845 : Math Formula (Multi Column) 3:1:0:0:0:845 End execute (0 secs)
2025-04-30 19:31:51,134 : INFO  : KNIME-Worker-11-Column Appender 3:1:0:0:0:992 :  : LocalNodeExecutionJob : Column Appender : 3:1:0:0:0:992 : Column Appender 3:1:0:0:0:992 End execute (0 secs)
2025-04-30 19:31:51,135 : INFO  : KNIME-Worker-12-Component Output 3:1:0:0:0:856 :  : LocalNodeExecutionJob : Component Output : 3:1:0:0:0:856 : Component Output 3:1:0:0:0:856 End execute (0 secs)
2025-04-30 19:31:51,135 : INFO  : KNIME-Worker-8-Columns descriptive statistics 3:1:0:0 :  : LocalNodeExecutionJob : Columns descriptive statistics : 3:1:0:0 : Columns descriptive statistics 3:1:0:0 End execute (0 secs)
2025-04-30 19:31:51,334 : INFO  : KNIME-Worker-11-Extract Column Header 3:1:0:1507:1505:1487 :  : LocalNodeExecutionJob : Extract Column Header : 3:1:0:1507:1505:1487 : Extract Column Header 3:1:0:1507:1505:1487 End execute (0 secs)
2025-04-30 19:31:51,339 : INFO  : KNIME-Worker-12-String Manipulation 3:1:0:1507:1505:1497 :  : LocalNodeExecutionJob : String Manipulation : 3:1:0:1507:1505:1497 : String Manipulation 3:1:0:1507:1505:1497 End execute (0 secs)
2025-04-30 19:31:51,361 : INFO  : KNIME-Worker-8-Recursive Loop Start 3:1:0:1507:1505:1492 :  : LocalNodeExecutionJob : Recursive Loop Start : 3:1:0:1507:1505:1492 : Recursive Loop Start 3:1:0:1507:1505:1492 End execute (0 secs)
2025-04-30 19:31:51,371 : INFO  : KNIME-Worker-11-Row Filter 3:1:0:1507:1505:1494 :  : LocalNodeExecutionJob : Row Filter : 3:1:0:1507:1505:1494 : Row Filter 3:1:0:1507:1505:1494 End execute (0 secs)
2025-04-30 19:31:51,374 : INFO  : KNIME-Worker-12-Table Row to Variable 3:1:0:1507:1505:1496 :  : LocalNodeExecutionJob : Table Row to Variable : 3:1:0:1507:1505:1496 : Table Row to Variable 3:1:0:1507:1505:1496 End execute (0 secs)
2025-04-30 19:31:51,381 : INFO  : KNIME-Worker-8-String Manipulation 3:1:0:1507:1505:1498 :  : LocalNodeExecutionJob : String Manipulation : 3:1:0:1507:1505:1498 : String Manipulation 3:1:0:1507:1505:1498 End execute (0 secs)
2025-04-30 19:31:51,398 : INFO  : KNIME-Worker-11-Recursive Loop End 3:1:0:1507:1505:1493 :  : LocalNodeExecutionJob : Recursive Loop End : 3:1:0:1507:1505:1493 : Recursive Loop End 3:1:0:1507:1505:1493 End execute (0 secs)
2025-04-30 19:31:51,529 : INFO  : KNIME-Worker-12-Recursive Loop Start 3:1:0:1507:1505:1492 :  : LocalNodeExecutionJob : Recursive Loop Start : 3:1:0:1507:1505:1492 : Recursive Loop Start 3:1:0:1507:1505:1492 End execute (0 secs)
2025-04-30 19:31:51,533 : INFO  : KNIME-Worker-8-Row Filter 3:1:0:1507:1505:1494 :  : LocalNodeExecutionJob : Row Filter : 3:1:0:1507:1505:1494 : Row Filter 3:1:0:1507:1505:1494 End execute (0 secs)
2025-04-30 19:31:51,534 : INFO  : KNIME-Worker-11-Table Row to Variable 3:1:0:1507:1505:1496 :  : LocalNodeExecutionJob : Table Row to Variable : 3:1:0:1507:1505:1496 : Table Row to Variable 3:1:0:1507:1505:1496 End execute (0 secs)
2025-04-30 19:31:51,538 : INFO  : KNIME-Worker-12-String Manipulation 3:1:0:1507:1505:1498 :  : LocalNodeExecutionJob : String Manipulation : 3:1:0:1507:1505:1498 : String Manipulation 3:1:0:1507:1505:1498 End execute (0 secs)
2025-04-30 19:31:51,567 : INFO  : KNIME-Worker-8-Recursive Loop End 3:1:0:1507:1505:1493 :  : LocalNodeExecutionJob : Recursive Loop End : 3:1:0:1507:1505:1493 : Recursive Loop End 3:1:0:1507:1505:1493 End execute (0 secs)
2025-04-30 19:31:51,577 : INFO  : KNIME-Worker-11-Recursive Loop Start 3:1:0:1507:1505:1492 :  : LocalNodeExecutionJob : Recursive Loop Start : 3:1:0:1507:1505:1492 : Recursive Loop Start 3:1:0:1507:1505:1492 End execute (0 secs)
2025-04-30 19:31:51,580 : INFO  : KNIME-Worker-12-Row Filter 3:1:0:1507:1505:1494 :  : LocalNodeExecutionJob : Row Filter : 3:1:0:1507:1505:1494 : Row Filter 3:1:0:1507:1505:1494 End execute (0 secs)
2025-04-30 19:31:51,582 : INFO  : KNIME-Worker-8-Table Row to Variable 3:1:0:1507:1505:1496 :  : LocalNodeExecutionJob : Table Row to Variable : 3:1:0:1507:1505:1496 : Table Row to Variable 3:1:0:1507:1505:1496 End execute (0 secs)
2025-04-30 19:31:51,585 : INFO  : KNIME-Worker-11-String Manipulation 3:1:0:1507:1505:1498 :  : LocalNodeExecutionJob : String Manipulation : 3:1:0:1507:1505:1498 : String Manipulation 3:1:0:1507:1505:1498 End execute (0 secs)
2025-04-30 19:31:51,629 : INFO  : KNIME-Worker-12-Recursive Loop End 3:1:0:1507:1505:1493 :  : LocalNodeExecutionJob : Recursive Loop End : 3:1:0:1507:1505:1493 : Recursive Loop End 3:1:0:1507:1505:1493 End execute (0 secs)
2025-04-30 19:31:51,665 : INFO  : KNIME-Worker-8-Recursive Loop Start 3:1:0:1507:1505:1492 :  : LocalNodeExecutionJob : Recursive Loop Start : 3:1:0:1507:1505:1492 : Recursive Loop Start 3:1:0:1507:1505:1492 End execute (0 secs)
2025-04-30 19:31:51,669 : INFO  : KNIME-Worker-11-Row Filter 3:1:0:1507:1505:1494 :  : LocalNodeExecutionJob : Row Filter : 3:1:0:1507:1505:1494 : Row Filter 3:1:0:1507:1505:1494 End execute (0 secs)
2025-04-30 19:31:51,670 : INFO  : KNIME-Worker-12-Table Row to Variable 3:1:0:1507:1505:1496 :  : LocalNodeExecutionJob : Table Row to Variable : 3:1:0:1507:1505:1496 : Table Row to Variable 3:1:0:1507:1505:1496 End execute (0 secs)
2025-04-30 19:31:51,674 : INFO  : KNIME-Worker-8-String Manipulation 3:1:0:1507:1505:1498 :  : LocalNodeExecutionJob : String Manipulation : 3:1:0:1507:1505:1498 : String Manipulation 3:1:0:1507:1505:1498 End execute (0 secs)
2025-04-30 19:31:51,686 : INFO  : KNIME-Worker-11-Recursive Loop End 3:1:0:1507:1505:1493 :  : LocalNodeExecutionJob : Recursive Loop End : 3:1:0:1507:1505:1493 : Recursive Loop End 3:1:0:1507:1505:1493 End execute (0 secs)
2025-04-30 19:31:51,697 : INFO  : KNIME-Worker-12-Recursive Loop Start 3:1:0:1507:1505:1492 :  : LocalNodeExecutionJob : Recursive Loop Start : 3:1:0:1507:1505:1492 : Recursive Loop Start 3:1:0:1507:1505:1492 End execute (0 secs)
2025-04-30 19:31:51,700 : INFO  : KNIME-Worker-8-Row Filter 3:1:0:1507:1505:1494 :  : LocalNodeExecutionJob : Row Filter : 3:1:0:1507:1505:1494 : Row Filter 3:1:0:1507:1505:1494 End execute (0 secs)
2025-04-30 19:31:51,701 : INFO  : KNIME-Worker-11-Table Row to Variable 3:1:0:1507:1505:1496 :  : LocalNodeExecutionJob : Table Row to Variable : 3:1:0:1507:1505:1496 : Table Row to Variable 3:1:0:1507:1505:1496 End execute (0 secs)
2025-04-30 19:31:51,704 : INFO  : KNIME-Worker-12-String Manipulation 3:1:0:1507:1505:1498 :  : LocalNodeExecutionJob : String Manipulation : 3:1:0:1507:1505:1498 : String Manipulation 3:1:0:1507:1505:1498 End execute (0 secs)
2025-04-30 19:31:51,728 : INFO  : KNIME-Worker-8-Recursive Loop End 3:1:0:1507:1505:1493 :  : LocalNodeExecutionJob : Recursive Loop End : 3:1:0:1507:1505:1493 : Recursive Loop End 3:1:0:1507:1505:1493 End execute (0 secs)
2025-04-30 19:31:51,737 : INFO  : KNIME-Worker-11-Recursive Loop Start 3:1:0:1507:1505:1492 :  : LocalNodeExecutionJob : Recursive Loop Start : 3:1:0:1507:1505:1492 : Recursive Loop Start 3:1:0:1507:1505:1492 End execute (0 secs)
2025-04-30 19:31:51,739 : INFO  : KNIME-Worker-12-Row Filter 3:1:0:1507:1505:1494 :  : RowFilterNodeModel : Row Filter : 3:1:0:1507:1505:1494 : The result table at port 0 contains no rows
2025-04-30 19:31:51,739 : WARN  : KNIME-Worker-12-Row Filter 3:1:0:1507:1505:1494 :  : Node : Row Filter : 3:1:0:1507:1505:1494 : Node created an empty data table.
2025-04-30 19:31:51,740 : INFO  : KNIME-Worker-12-Row Filter 3:1:0:1507:1505:1494 :  : LocalNodeExecutionJob : Row Filter : 3:1:0:1507:1505:1494 : Row Filter 3:1:0:1507:1505:1494 End execute (0 secs)
2025-04-30 19:31:51,741 : INFO  : KNIME-Worker-8-Table Row to Variable 3:1:0:1507:1505:1496 :  : LocalNodeExecutionJob : Table Row to Variable : 3:1:0:1507:1505:1496 : Table Row to Variable 3:1:0:1507:1505:1496 End execute (0 secs)
2025-04-30 19:31:51,760 : INFO  : KNIME-Worker-11-String Manipulation 3:1:0:1507:1505:1498 :  : LocalNodeExecutionJob : String Manipulation : 3:1:0:1507:1505:1498 : String Manipulation 3:1:0:1507:1505:1498 End execute (0 secs)
2025-04-30 19:31:51,770 : INFO  : KNIME-Worker-12-Recursive Loop End 3:1:0:1507:1505:1493 :  : RecursiveLoopEndDynamicNodeModel : Recursive Loop End : 3:1:0:1507:1505:1493 : The result table at port 1 contains no rows
2025-04-30 19:31:51,770 : INFO  : KNIME-Worker-12-Recursive Loop End 3:1:0:1507:1505:1493 :  : LocalNodeExecutionJob : Recursive Loop End : 3:1:0:1507:1505:1493 : Recursive Loop End 3:1:0:1507:1505:1493 End execute (0 secs)
2025-04-30 19:31:51,878 : INFO  : KNIME-Worker-8-Cell Splitter 3:1:0:1507:1505:1499 :  : LocalNodeExecutionJob : Cell Splitter : 3:1:0:1507:1505:1499 : Cell Splitter 3:1:0:1507:1505:1499 End execute (0 secs)
2025-04-30 19:31:51,879 : INFO  : KNIME-Worker-11-Column Rename 3:1:0:1507:1505:1504 :  : LocalNodeExecutionJob : Column Rename : 3:1:0:1507:1505:1504 : Column Rename 3:1:0:1507:1505:1504 End execute (0 secs)
2025-04-30 19:31:51,975 : INFO  : KNIME-Worker-12-Missing Value 3:1:0:1507:1505:1501 :  : PMMLPortObject : Missing Value : 3:1:0:1507:1505:1501 : No mining schema found.
2025-04-30 19:31:51,975 : INFO  : KNIME-Worker-12-Missing Value 3:1:0:1507:1505:1501 :  : LocalNodeExecutionJob : Missing Value : 3:1:0:1507:1505:1501 : Missing Value 3:1:0:1507:1505:1501 End execute (0 secs)
2025-04-30 19:31:51,981 : INFO  : KNIME-Worker-11-String Manipulation 3:1:0:1507:1505:1500 :  : LocalNodeExecutionJob : String Manipulation : 3:1:0:1507:1505:1500 : String Manipulation 3:1:0:1507:1505:1500 End execute (0 secs)
2025-04-30 19:31:52,007 : INFO  : KNIME-Worker-12-Joiner 3:1:0:1507:1502 :  : Joiner3NodeModel : Joiner : 3:1:0:1507:1502 : The result table at port 1 contains no rows
2025-04-30 19:31:52,007 : INFO  : KNIME-Worker-12-Joiner 3:1:0:1507:1502 :  : Joiner3NodeModel : Joiner : 3:1:0:1507:1502 : The result table at port 2 contains no rows
2025-04-30 19:31:52,007 : INFO  : KNIME-Worker-12-Joiner 3:1:0:1507:1502 :  : LocalNodeExecutionJob : Joiner : 3:1:0:1507:1502 : Joiner 3:1:0:1507:1502 End execute (0 secs)
2025-04-30 19:31:52,025 : INFO  : KNIME-Worker-8-Sorter 3:1:0:1507:1503 :  : LocalNodeExecutionJob : Sorter : 3:1:0:1507:1503 : Sorter 3:1:0:1507:1503 End execute (0 secs)
2025-04-30 19:31:52,028 : INFO  : KNIME-Worker-11-Reference Column Resorter 3:1:0:1507:1483 :  : LocalNodeExecutionJob : Reference Column Resorter : 3:1:0:1507:1483 : Reference Column Resorter 3:1:0:1507:1483 End execute (0 secs)
2025-04-30 19:31:52,031 : INFO  : KNIME-Worker-12-Column Resorter 3:1:0:1507:1488 :  : LocalNodeExecutionJob : Column Resorter : 3:1:0:1507:1488 : Column Resorter 3:1:0:1507:1488 End execute (0 secs)
2025-04-30 19:31:52,105 : INFO  : KNIME-Worker-7-Python Script (legacy) 3:1:0:1503:0:979 :  : LocalNodeExecutionJob : Python Script (legacy) : 3:1:0:1503:0:979 : Python Script (legacy) 3:1:0:1503:0:979 End execute (1 sec)
2025-04-30 19:31:52,139 : INFO  : KNIME-Worker-8-Math Formula (Multi Column) 3:1:0:1503:0:845 :  : LocalNodeExecutionJob : Math Formula (Multi Column) : 3:1:0:1503:0:845 : Math Formula (Multi Column) 3:1:0:1503:0:845 End execute (0 secs)
2025-04-30 19:31:52,152 : INFO  : KNIME-Worker-11-Column Appender 3:1:0:1503:0:992 :  : LocalNodeExecutionJob : Column Appender : 3:1:0:1503:0:992 : Column Appender 3:1:0:1503:0:992 End execute (0 secs)
2025-04-30 19:31:52,152 : INFO  : KNIME-Worker-12-Component Output 3:1:0:1503:0:856 :  : LocalNodeExecutionJob : Component Output : 3:1:0:1503:0:856 : Component Output 3:1:0:1503:0:856 End execute (0 secs)
2025-04-30 19:31:52,153 : INFO  : KNIME-Worker-9-Columns descriptive statistics 3:1:0:1503 :  : LocalNodeExecutionJob : Columns descriptive statistics : 3:1:0:1503 : Columns descriptive statistics 3:1:0:1503 End execute (1 sec)
2025-04-30 19:31:52,326 : INFO  : KNIME-Worker-7-Extract Column Header 3:1:0:1508:1505:1487 :  : LocalNodeExecutionJob : Extract Column Header : 3:1:0:1508:1505:1487 : Extract Column Header 3:1:0:1508:1505:1487 End execute (0 secs)
2025-04-30 19:31:52,329 : INFO  : KNIME-Worker-8-String Manipulation 3:1:0:1508:1505:1497 :  : LocalNodeExecutionJob : String Manipulation : 3:1:0:1508:1505:1497 : String Manipulation 3:1:0:1508:1505:1497 End execute (0 secs)
2025-04-30 19:31:52,329 : INFO  : KNIME-Worker-11-Recursive Loop Start 3:1:0:1508:1505:1492 :  : LocalNodeExecutionJob : Recursive Loop Start : 3:1:0:1508:1505:1492 : Recursive Loop Start 3:1:0:1508:1505:1492 End execute (0 secs)
2025-04-30 19:31:52,332 : INFO  : KNIME-Worker-9-Table Row to Variable 3:1:0:1508:1505:1496 :  : LocalNodeExecutionJob : Table Row to Variable : 3:1:0:1508:1505:1496 : Table Row to Variable 3:1:0:1508:1505:1496 End execute (0 secs)
2025-04-30 19:31:52,333 : INFO  : KNIME-Worker-12-Row Filter 3:1:0:1508:1505:1494 :  : LocalNodeExecutionJob : Row Filter : 3:1:0:1508:1505:1494 : Row Filter 3:1:0:1508:1505:1494 End execute (0 secs)
2025-04-30 19:31:52,337 : INFO  : KNIME-Worker-7-String Manipulation 3:1:0:1508:1505:1498 :  : LocalNodeExecutionJob : String Manipulation : 3:1:0:1508:1505:1498 : String Manipulation 3:1:0:1508:1505:1498 End execute (0 secs)
2025-04-30 19:31:52,368 : INFO  : KNIME-Worker-8-Recursive Loop End 3:1:0:1508:1505:1493 :  : LocalNodeExecutionJob : Recursive Loop End : 3:1:0:1508:1505:1493 : Recursive Loop End 3:1:0:1508:1505:1493 End execute (0 secs)
2025-04-30 19:31:52,376 : INFO  : KNIME-Worker-11-Recursive Loop Start 3:1:0:1508:1505:1492 :  : LocalNodeExecutionJob : Recursive Loop Start : 3:1:0:1508:1505:1492 : Recursive Loop Start 3:1:0:1508:1505:1492 End execute (0 secs)
2025-04-30 19:31:52,377 : INFO  : KNIME-Worker-12-Table Row to Variable 3:1:0:1508:1505:1496 :  : LocalNodeExecutionJob : Table Row to Variable : 3:1:0:1508:1505:1496 : Table Row to Variable 3:1:0:1508:1505:1496 End execute (0 secs)
2025-04-30 19:31:52,378 : INFO  : KNIME-Worker-9-Row Filter 3:1:0:1508:1505:1494 :  : LocalNodeExecutionJob : Row Filter : 3:1:0:1508:1505:1494 : Row Filter 3:1:0:1508:1505:1494 End execute (0 secs)
2025-04-30 19:31:52,379 : INFO  : KNIME-Worker-7-String Manipulation 3:1:0:1508:1505:1498 :  : LocalNodeExecutionJob : String Manipulation : 3:1:0:1508:1505:1498 : String Manipulation 3:1:0:1508:1505:1498 End execute (0 secs)
2025-04-30 19:31:52,390 : INFO  : KNIME-Worker-8-Recursive Loop End 3:1:0:1508:1505:1493 :  : LocalNodeExecutionJob : Recursive Loop End : 3:1:0:1508:1505:1493 : Recursive Loop End 3:1:0:1508:1505:1493 End execute (0 secs)
2025-04-30 19:31:52,398 : INFO  : KNIME-Worker-11-Recursive Loop Start 3:1:0:1508:1505:1492 :  : LocalNodeExecutionJob : Recursive Loop Start : 3:1:0:1508:1505:1492 : Recursive Loop Start 3:1:0:1508:1505:1492 End execute (0 secs)
2025-04-30 19:31:52,399 : INFO  : KNIME-Worker-9-Table Row to Variable 3:1:0:1508:1505:1496 :  : LocalNodeExecutionJob : Table Row to Variable : 3:1:0:1508:1505:1496 : Table Row to Variable 3:1:0:1508:1505:1496 End execute (0 secs)
2025-04-30 19:31:52,400 : INFO  : KNIME-Worker-12-Row Filter 3:1:0:1508:1505:1494 :  : LocalNodeExecutionJob : Row Filter : 3:1:0:1508:1505:1494 : Row Filter 3:1:0:1508:1505:1494 End execute (0 secs)
2025-04-30 19:31:52,401 : INFO  : KNIME-Worker-7-String Manipulation 3:1:0:1508:1505:1498 :  : LocalNodeExecutionJob : String Manipulation : 3:1:0:1508:1505:1498 : String Manipulation 3:1:0:1508:1505:1498 End execute (0 secs)
2025-04-30 19:31:52,431 : INFO  : KNIME-Worker-8-Recursive Loop End 3:1:0:1508:1505:1493 :  : LocalNodeExecutionJob : Recursive Loop End : 3:1:0:1508:1505:1493 : Recursive Loop End 3:1:0:1508:1505:1493 End execute (0 secs)
2025-04-30 19:31:52,438 : INFO  : KNIME-Worker-11-Recursive Loop Start 3:1:0:1508:1505:1492 :  : LocalNodeExecutionJob : Recursive Loop Start : 3:1:0:1508:1505:1492 : Recursive Loop Start 3:1:0:1508:1505:1492 End execute (0 secs)
2025-04-30 19:31:52,439 : INFO  : KNIME-Worker-12-Table Row to Variable 3:1:0:1508:1505:1496 :  : LocalNodeExecutionJob : Table Row to Variable : 3:1:0:1508:1505:1496 : Table Row to Variable 3:1:0:1508:1505:1496 End execute (0 secs)
2025-04-30 19:31:52,439 : INFO  : KNIME-Worker-9-Row Filter 3:1:0:1508:1505:1494 :  : LocalNodeExecutionJob : Row Filter : 3:1:0:1508:1505:1494 : Row Filter 3:1:0:1508:1505:1494 End execute (0 secs)
2025-04-30 19:31:52,441 : INFO  : KNIME-Worker-7-String Manipulation 3:1:0:1508:1505:1498 :  : LocalNodeExecutionJob : String Manipulation : 3:1:0:1508:1505:1498 : String Manipulation 3:1:0:1508:1505:1498 End execute (0 secs)
2025-04-30 19:31:52,450 : INFO  : KNIME-Worker-8-Recursive Loop End 3:1:0:1508:1505:1493 :  : LocalNodeExecutionJob : Recursive Loop End : 3:1:0:1508:1505:1493 : Recursive Loop End 3:1:0:1508:1505:1493 End execute (0 secs)
2025-04-30 19:31:52,463 : INFO  : KNIME-Worker-11-Recursive Loop Start 3:1:0:1508:1505:1492 :  : LocalNodeExecutionJob : Recursive Loop Start : 3:1:0:1508:1505:1492 : Recursive Loop Start 3:1:0:1508:1505:1492 End execute (0 secs)
2025-04-30 19:31:52,464 : INFO  : KNIME-Worker-9-Table Row to Variable 3:1:0:1508:1505:1496 :  : LocalNodeExecutionJob : Table Row to Variable : 3:1:0:1508:1505:1496 : Table Row to Variable 3:1:0:1508:1505:1496 End execute (0 secs)
2025-04-30 19:31:52,465 : INFO  : KNIME-Worker-12-Row Filter 3:1:0:1508:1505:1494 :  : LocalNodeExecutionJob : Row Filter : 3:1:0:1508:1505:1494 : Row Filter 3:1:0:1508:1505:1494 End execute (0 secs)
2025-04-30 19:31:52,466 : INFO  : KNIME-Worker-7-String Manipulation 3:1:0:1508:1505:1498 :  : LocalNodeExecutionJob : String Manipulation : 3:1:0:1508:1505:1498 : String Manipulation 3:1:0:1508:1505:1498 End execute (0 secs)
2025-04-30 19:31:52,476 : INFO  : KNIME-Worker-8-Recursive Loop End 3:1:0:1508:1505:1493 :  : LocalNodeExecutionJob : Recursive Loop End : 3:1:0:1508:1505:1493 : Recursive Loop End 3:1:0:1508:1505:1493 End execute (0 secs)
2025-04-30 19:31:52,481 : INFO  : KNIME-Worker-11-Recursive Loop Start 3:1:0:1508:1505:1492 :  : LocalNodeExecutionJob : Recursive Loop Start : 3:1:0:1508:1505:1492 : Recursive Loop Start 3:1:0:1508:1505:1492 End execute (0 secs)
2025-04-30 19:31:52,482 : INFO  : KNIME-Worker-12-Table Row to Variable 3:1:0:1508:1505:1496 :  : LocalNodeExecutionJob : Table Row to Variable : 3:1:0:1508:1505:1496 : Table Row to Variable 3:1:0:1508:1505:1496 End execute (0 secs)
2025-04-30 19:31:52,482 : INFO  : KNIME-Worker-9-Row Filter 3:1:0:1508:1505:1494 :  : RowFilterNodeModel : Row Filter : 3:1:0:1508:1505:1494 : The result table at port 0 contains no rows
2025-04-30 19:31:52,482 : WARN  : KNIME-Worker-9-Row Filter 3:1:0:1508:1505:1494 :  : Node : Row Filter : 3:1:0:1508:1505:1494 : Node created an empty data table.
2025-04-30 19:31:52,483 : INFO  : KNIME-Worker-9-Row Filter 3:1:0:1508:1505:1494 :  : LocalNodeExecutionJob : Row Filter : 3:1:0:1508:1505:1494 : Row Filter 3:1:0:1508:1505:1494 End execute (0 secs)
2025-04-30 19:31:52,484 : INFO  : KNIME-Worker-7-String Manipulation 3:1:0:1508:1505:1498 :  : LocalNodeExecutionJob : String Manipulation : 3:1:0:1508:1505:1498 : String Manipulation 3:1:0:1508:1505:1498 End execute (0 secs)
2025-04-30 19:31:52,494 : INFO  : KNIME-Worker-8-Recursive Loop End 3:1:0:1508:1505:1493 :  : RecursiveLoopEndDynamicNodeModel : Recursive Loop End : 3:1:0:1508:1505:1493 : The result table at port 1 contains no rows
2025-04-30 19:31:52,494 : INFO  : KNIME-Worker-8-Recursive Loop End 3:1:0:1508:1505:1493 :  : LocalNodeExecutionJob : Recursive Loop End : 3:1:0:1508:1505:1493 : Recursive Loop End 3:1:0:1508:1505:1493 End execute (0 secs)
2025-04-30 19:31:52,576 : INFO  : KNIME-Worker-11-Cell Splitter 3:1:0:1508:1505:1499 :  : LocalNodeExecutionJob : Cell Splitter : 3:1:0:1508:1505:1499 : Cell Splitter 3:1:0:1508:1505:1499 End execute (0 secs)
2025-04-30 19:31:52,578 : INFO  : KNIME-Worker-12-Column Rename 3:1:0:1508:1505:1504 :  : LocalNodeExecutionJob : Column Rename : 3:1:0:1508:1505:1504 : Column Rename 3:1:0:1508:1505:1504 End execute (0 secs)
2025-04-30 19:31:52,586 : INFO  : KNIME-Worker-9-Missing Value 3:1:0:1508:1505:1501 :  : PMMLPortObject : Missing Value : 3:1:0:1508:1505:1501 : No mining schema found.
2025-04-30 19:31:52,586 : INFO  : KNIME-Worker-9-Missing Value 3:1:0:1508:1505:1501 :  : LocalNodeExecutionJob : Missing Value : 3:1:0:1508:1505:1501 : Missing Value 3:1:0:1508:1505:1501 End execute (0 secs)
2025-04-30 19:31:52,591 : INFO  : KNIME-Worker-7-String Manipulation 3:1:0:1508:1505:1500 :  : LocalNodeExecutionJob : String Manipulation : 3:1:0:1508:1505:1500 : String Manipulation 3:1:0:1508:1505:1500 End execute (0 secs)
2025-04-30 19:31:52,598 : INFO  : KNIME-Worker-8-Joiner 3:1:0:1508:1502 :  : LocalNodeExecutionJob : Joiner : 3:1:0:1508:1502 : Joiner 3:1:0:1508:1502 End execute (0 secs)
2025-04-30 19:31:52,629 : INFO  : KNIME-Worker-11-Sorter 3:1:0:1508:1503 :  : LocalNodeExecutionJob : Sorter : 3:1:0:1508:1503 : Sorter 3:1:0:1508:1503 End execute (0 secs)
2025-04-30 19:31:52,632 : INFO  : KNIME-Worker-12-Reference Column Resorter 3:1:0:1508:1483 :  : LocalNodeExecutionJob : Reference Column Resorter : 3:1:0:1508:1483 : Reference Column Resorter 3:1:0:1508:1483 End execute (0 secs)
2025-04-30 19:31:52,634 : INFO  : KNIME-Worker-9-Column Resorter 3:1:0:1508:1506 :  : LocalNodeExecutionJob : Column Resorter : 3:1:0:1508:1506 : Column Resorter 3:1:0:1508:1506 End execute (0 secs)
2025-04-30 19:31:52,637 : WARN  : KNIME-Worker-10-DIA-NN main report pre-processing 3:1 :  : Node : Row Splitter : 3:1:0:2005 : Column range filter: Input table doesn't contain specified column name
2025-04-30 19:49:58,481 : WARN  : ModalContext :  : Node : CASE Switch Start : 3:1:0:1495:1507:1259:1251 : Errors overwriting node settings with flow variables: Unknown variable "use_threshold_prec_global_q"
2025-04-30 19:49:58,482 : WARN  : ModalContext :  : Node : CASE Switch Start : 3:1:0:1495:1374:1259:1251 : Errors overwriting node settings with flow variables: Unknown variable "use_threshold_prec_global_q"
2025-04-30 19:50:02,358 : WARN  : main :  : Node : CASE Switch Start : 3:1:0:1495:1507:1259:1251 : Errors overwriting node settings with flow variables: Unknown variable "use_threshold_prec_global_q"
2025-04-30 19:50:02,360 : WARN  : main :  : Node : CASE Switch Start : 3:1:0:1495:1374:1259:1251 : Errors overwriting node settings with flow variables: Unknown variable "use_threshold_prec_global_q"
2025-04-30 19:50:02,383 : INFO  : KNIME-Worker-15-Single Selection Configuration 3:1:0:1497 :  : LocalNodeExecutionJob : Single Selection Configuration : 3:1:0:1497 : Single Selection Configuration 3:1:0:1497 End execute (0 secs)
2025-04-30 19:50:02,384 : INFO  : KNIME-Worker-16-Double Configuration 3:1:0:1521 :  : LocalNodeExecutionJob : Double Configuration : 3:1:0:1521 : Double Configuration 3:1:0:1521 End execute (0 secs)
2025-04-30 19:50:02,384 : INFO  : KNIME-Worker-14-Component Input 3:1:0:1995 :  : LocalNodeExecutionJob : Component Input : 3:1:0:1995 : Component Input 3:1:0:1995 End execute (0 secs)
2025-04-30 19:50:02,386 : INFO  : KNIME-Worker-17-Double Configuration 3:1:0:1524 :  : LocalNodeExecutionJob : Double Configuration : 3:1:0:1524 : Double Configuration 3:1:0:1524 End execute (0 secs)
2025-04-30 19:50:02,390 : INFO  : KNIME-Worker-15-Row Filter 3:1:0:2003:1999 :  : LocalNodeExecutionJob : Row Filter : 3:1:0:2003:1999 : Row Filter 3:1:0:2003:1999 End execute (0 secs)
2025-04-30 19:50:02,392 : INFO  : KNIME-Worker-18-Row Splitter 3:1:0:1984 :  : LocalNodeExecutionJob : Row Splitter : 3:1:0:1984 : Row Splitter 3:1:0:1984 End execute (0 secs)
2025-04-30 19:50:02,392 : INFO  : KNIME-Worker-16-Row Filter 3:1:0:2003:1998 :  : LocalNodeExecutionJob : Row Filter : 3:1:0:2003:1998 : Row Filter 3:1:0:2003:1998 End execute (0 secs)
2025-04-30 19:50:02,395 : INFO  : KNIME-Worker-14-Row Filter 3:1:0:2003:1986 :  : LocalNodeExecutionJob : Row Filter : 3:1:0:2003:1986 : Row Filter 3:1:0:2003:1986 End execute (0 secs)
2025-04-30 19:50:02,395 : INFO  : KNIME-Worker-17-Row Filter 3:1:0:2003:1985 :  : LocalNodeExecutionJob : Row Filter : 3:1:0:2003:1985 : Row Filter 3:1:0:2003:1985 End execute (0 secs)
2025-04-30 19:50:02,396 : INFO  : KNIME-Worker-15-Double Configuration 3:1:0:1526 :  : LocalNodeExecutionJob : Double Configuration : 3:1:0:1526 : Double Configuration 3:1:0:1526 End execute (0 secs)
2025-04-30 19:50:02,399 : INFO  : KNIME-Worker-16-String Manipulation 3:1:0:1987 :  : LocalNodeExecutionJob : String Manipulation : 3:1:0:1987 : String Manipulation 3:1:0:1987 End execute (0 secs)
2025-04-30 19:50:02,401 : INFO  : KNIME-Worker-14-Sorter 3:1:0:1988 :  : LocalNodeExecutionJob : Sorter : 3:1:0:1988 : Sorter 3:1:0:1988 End execute (0 secs)
2025-04-30 19:50:02,948 : INFO  : KNIME-Worker-18-Python Script 3:1:0:2003:2000 :  : LocalNodeExecutionJob : Python Script : 3:1:0:2003:2000 : Python Script 3:1:0:2003:2000 End execute (0 secs)
2025-04-30 19:50:03,737 : INFO  : KNIME-Worker-15-Python Script 3:1:0:2003:2001 :  : LocalNodeExecutionJob : Python Script : 3:1:0:2003:2001 : Python Script 3:1:0:2003:2001 End execute (0 secs)
2025-04-30 19:50:03,763 : INFO  : KNIME-Worker-17-Python Script 3:1:0:2003:1997 :  : LocalNodeExecutionJob : Python Script : 3:1:0:2003:1997 : Python Script 3:1:0:2003:1997 End execute (1 sec)
2025-04-30 19:50:03,763 : INFO  : KNIME-Worker-14-Double Configuration 3:1:0:1528 :  : LocalNodeExecutionJob : Double Configuration : 3:1:0:1528 : Double Configuration 3:1:0:1528 End execute (0 secs)
2025-04-30 19:50:04,021 : INFO  : KNIME-Worker-18-Rule-based Row Filter (Dictionary) 3:1:0:1983 :  : LocalNodeExecutionJob : Rule-based Row Filter (Dictionary) : 3:1:0:1983 : Rule-based Row Filter (Dictionary) 3:1:0:1983 End execute (0 secs)
2025-04-30 19:50:04,024 : WARN  : KNIME-Worker-18-Rule-based Row Filter (Dictionary) 3:1:0:1983 :  : Node : CASE Switch Start : 3:1:0:1495:1507:1259:1251 : Errors overwriting node settings with flow variables: Unknown variable "use_threshold_prec_global_q"
2025-04-30 19:50:04,024 : WARN  : KNIME-Worker-18-Rule-based Row Filter (Dictionary) 3:1:0:1983 :  : Node : CASE Switch Start : 3:1:0:1495:1374:1259:1251 : Errors overwriting node settings with flow variables: Unknown variable "use_threshold_prec_global_q"
2025-04-30 19:50:04,026 : INFO  : KNIME-Worker-15-Column Filter 3:1:0:1994 :  : LocalNodeExecutionJob : Column Filter : 3:1:0:1994 : Column Filter 3:1:0:1994 End execute (0 secs)
2025-04-30 19:50:04,026 : INFO  : KNIME-Worker-17-Double Configuration 3:1:0:1530 :  : LocalNodeExecutionJob : Double Configuration : 3:1:0:1530 : Double Configuration 3:1:0:1530 End execute (0 secs)
2025-04-30 19:50:04,029 : INFO  : KNIME-Worker-14-Transpose 3:1:0:1991 :  : LocalNodeExecutionJob : Transpose : 3:1:0:1991 : Transpose 3:1:0:1991 End execute (0 secs)
2025-04-30 19:50:04,031 : INFO  : KNIME-Worker-18-String Configuration 3:1:0:1510 :  : LocalNodeExecutionJob : String Configuration : 3:1:0:1510 : String Configuration 3:1:0:1510 End execute (0 secs)
2025-04-30 19:50:04,032 : INFO  : KNIME-Worker-15-Create Collection Column 3:1:0:1942 :  : LocalNodeExecutionJob : Create Collection Column : 3:1:0:1942 : Create Collection Column 3:1:0:1942 End execute (0 secs)
2025-04-30 19:50:04,033 : INFO  : KNIME-Worker-17-String Input (legacy) 3:1:0:1531 :  : LocalNodeExecutionJob : String Input (legacy) : 3:1:0:1531 : String Input (legacy) 3:1:0:1531 End execute (0 secs)
2025-04-30 19:50:04,035 : INFO  : KNIME-Worker-14-Table Row to Variable 3:1:0:1945 :  : LocalNodeExecutionJob : Table Row to Variable : 3:1:0:1945 : Table Row to Variable 3:1:0:1945 End execute (0 secs)
2025-04-30 19:50:04,535 : INFO  : KNIME-Worker-16-Python Script 3:1:0:2003:1996 :  : LocalNodeExecutionJob : Python Script : 3:1:0:2003:1996 : Python Script 3:1:0:2003:1996 End execute (0 secs)
2025-04-30 19:50:05,302 : INFO  : KNIME-Worker-15-Python Script 3:1:0:1982 :  : LocalNodeExecutionJob : Python Script : 3:1:0:1982 : Python Script 3:1:0:1982 End execute (0 secs)
2025-04-30 19:50:05,303 : INFO  : KNIME-Worker-17-Merge Variables 3:1:0:2003:2002 :  : LocalNodeExecutionJob : Merge Variables : 3:1:0:2003:2002 : Merge Variables 3:1:0:2003:2002 End execute (0 secs)
2025-04-30 19:50:05,304 : INFO  : KNIME-Worker-14-Column Filter 3:1:0:1989 :  : LocalNodeExecutionJob : Column Filter : 3:1:0:1989 : Column Filter 3:1:0:1989 End execute (0 secs)
2025-04-30 19:50:05,434 : INFO  : KNIME-Worker-18-Python Edit Variable (legacy) 3:1:0:1490 :  : LocalNodeExecutionJob : Python Edit Variable (legacy) : 3:1:0:1490 : Python Edit Variable (legacy) 3:1:0:1490 End execute (1 sec)
2025-04-30 19:50:05,447 : WARN  : KNIME-Worker-18-Python Edit Variable (legacy) 3:1:0:1490 :  : Node : CASE Switch Start : 3:1:0:1495:2055:2025 : Errors overwriting node settings with flow variables: Unknown variable "sequence_mods_switch"
2025-04-30 19:50:05,449 : WARN  : KNIME-Worker-18-Python Edit Variable (legacy) 3:1:0:1490 :  : Node : CASE Switch Start : 3:1:0:1495:2023:2025 : Errors overwriting node settings with flow variables: Unknown variable "sequence_mods_switch"
2025-04-30 19:50:05,449 : INFO  : KNIME-Worker-16-CASE Switch Start 3:1:0:1495:1506 :  : LocalNodeExecutionJob : CASE Switch Start : 3:1:0:1495:1506 : CASE Switch Start 3:1:0:1495:1506 End execute (0 secs)
2025-04-30 19:50:05,454 : WARN  : KNIME-Worker-16-CASE Switch Start 3:1:0:1495:1506 :  : Node : CASE Switch Start : 3:1:0:1495:2023:2025 : Errors overwriting node settings with flow variables: Unknown variable "sequence_mods_switch"
2025-04-30 19:50:05,455 : INFO  : KNIME-Worker-15-CASE Switch Start 3:1:0:1495:1507:1259:1251 :  : LocalNodeExecutionJob : CASE Switch Start : 3:1:0:1495:1507:1259:1251 : CASE Switch Start 3:1:0:1495:1507:1259:1251 End execute (0 secs)
2025-04-30 19:50:05,455 : INFO  : KNIME-Worker-17-CASE Switch Start 3:1:0:1495:1374:1259:1251 :  : LocalNodeExecutionJob : CASE Switch Start : 3:1:0:1495:1374:1259:1251 : CASE Switch Start 3:1:0:1495:1374:1259:1251 End execute (0 secs)
2025-04-30 19:50:05,456 : INFO  : KNIME-Worker-14-Row Splitter 3:1:0:1495:1507:1259:1255 :  : LocalNodeExecutionJob : Row Splitter : 3:1:0:1495:1507:1259:1255 : Row Splitter 3:1:0:1495:1507:1259:1255 End execute (0 secs)
2025-04-30 19:50:05,456 : INFO  : KNIME-Worker-18-Row Filter 3:1:0:1495:1507:1259:1254 :  : LocalNodeExecutionJob : Row Filter : 3:1:0:1495:1507:1259:1254 : Row Filter 3:1:0:1495:1507:1259:1254 End execute (0 secs)
2025-04-30 19:50:05,457 : INFO  : KNIME-Worker-16-Row Filter 3:1:0:1495:1374:1259:1254 :  : LocalNodeExecutionJob : Row Filter : 3:1:0:1495:1374:1259:1254 : Row Filter 3:1:0:1495:1374:1259:1254 End execute (0 secs)
2025-04-30 19:50:05,457 : INFO  : KNIME-Worker-17-CASE Switch End 3:1:0:1495:1507:1259:1252 :  : LocalNodeExecutionJob : CASE Switch End : 3:1:0:1495:1507:1259:1252 : CASE Switch End 3:1:0:1495:1507:1259:1252 End execute (0 secs)
2025-04-30 19:50:05,460 : INFO  : KNIME-Worker-14-CASE Switch End 3:1:0:1495:1507:1259:1253 :  : LocalNodeExecutionJob : CASE Switch End : 3:1:0:1495:1507:1259:1253 : CASE Switch End 3:1:0:1495:1507:1259:1253 End execute (0 secs)
2025-04-30 19:50:05,460 : INFO  : KNIME-Worker-18-CASE Switch Start 3:1:0:1495:1507:1260:1251 :  : LocalNodeExecutionJob : CASE Switch Start : 3:1:0:1495:1507:1260:1251 : CASE Switch Start 3:1:0:1495:1507:1260:1251 End execute (0 secs)
2025-04-30 19:50:05,461 : INFO  : KNIME-Worker-16-Row Splitter 3:1:0:1495:1507:1260:1255 :  : LocalNodeExecutionJob : Row Splitter : 3:1:0:1495:1507:1260:1255 : Row Splitter 3:1:0:1495:1507:1260:1255 End execute (0 secs)
2025-04-30 19:50:05,461 : INFO  : KNIME-Worker-17-Row Filter 3:1:0:1495:1507:1260:1254 :  : LocalNodeExecutionJob : Row Filter : 3:1:0:1495:1507:1260:1254 : Row Filter 3:1:0:1495:1507:1260:1254 End execute (0 secs)
2025-04-30 19:50:05,461 : INFO  : KNIME-Worker-14-CASE Switch End 3:1:0:1495:1507:1260:1252 :  : LocalNodeExecutionJob : CASE Switch End : 3:1:0:1495:1507:1260:1252 : CASE Switch End 3:1:0:1495:1507:1260:1252 End execute (0 secs)
2025-04-30 19:50:05,463 : INFO  : KNIME-Worker-18-CASE Switch End 3:1:0:1495:1507:1260:1253 :  : LocalNodeExecutionJob : CASE Switch End : 3:1:0:1495:1507:1260:1253 : CASE Switch End 3:1:0:1495:1507:1260:1253 End execute (0 secs)
2025-04-30 19:50:05,463 : INFO  : KNIME-Worker-16-CASE Switch Start 3:1:0:1495:1507:1261:1251 :  : LocalNodeExecutionJob : CASE Switch Start : 3:1:0:1495:1507:1261:1251 : CASE Switch Start 3:1:0:1495:1507:1261:1251 End execute (0 secs)
2025-04-30 19:50:05,464 : INFO  : KNIME-Worker-17-Row Splitter 3:1:0:1495:1507:1261:1255 :  : LocalNodeExecutionJob : Row Splitter : 3:1:0:1495:1507:1261:1255 : Row Splitter 3:1:0:1495:1507:1261:1255 End execute (0 secs)
2025-04-30 19:50:05,464 : INFO  : KNIME-Worker-14-Row Filter 3:1:0:1495:1507:1261:1254 :  : LocalNodeExecutionJob : Row Filter : 3:1:0:1495:1507:1261:1254 : Row Filter 3:1:0:1495:1507:1261:1254 End execute (0 secs)
2025-04-30 19:50:05,464 : INFO  : KNIME-Worker-18-CASE Switch End 3:1:0:1495:1507:1261:1252 :  : LocalNodeExecutionJob : CASE Switch End : 3:1:0:1495:1507:1261:1252 : CASE Switch End 3:1:0:1495:1507:1261:1252 End execute (0 secs)
2025-04-30 19:50:05,466 : INFO  : KNIME-Worker-16-CASE Switch End 3:1:0:1495:1507:1261:1253 :  : LocalNodeExecutionJob : CASE Switch End : 3:1:0:1495:1507:1261:1253 : CASE Switch End 3:1:0:1495:1507:1261:1253 End execute (0 secs)
2025-04-30 19:50:05,466 : INFO  : KNIME-Worker-17-CASE Switch Start 3:1:0:1495:1507:1262:1251 :  : LocalNodeExecutionJob : CASE Switch Start : 3:1:0:1495:1507:1262:1251 : CASE Switch Start 3:1:0:1495:1507:1262:1251 End execute (0 secs)
2025-04-30 19:50:05,467 : INFO  : KNIME-Worker-14-Row Splitter 3:1:0:1495:1507:1262:1255 :  : LocalNodeExecutionJob : Row Splitter : 3:1:0:1495:1507:1262:1255 : Row Splitter 3:1:0:1495:1507:1262:1255 End execute (0 secs)
2025-04-30 19:50:05,467 : INFO  : KNIME-Worker-18-Row Filter 3:1:0:1495:1507:1262:1254 :  : LocalNodeExecutionJob : Row Filter : 3:1:0:1495:1507:1262:1254 : Row Filter 3:1:0:1495:1507:1262:1254 End execute (0 secs)
2025-04-30 19:50:05,468 : INFO  : KNIME-Worker-16-CASE Switch End 3:1:0:1495:1507:1262:1252 :  : LocalNodeExecutionJob : CASE Switch End : 3:1:0:1495:1507:1262:1252 : CASE Switch End 3:1:0:1495:1507:1262:1252 End execute (0 secs)
2025-04-30 19:50:05,469 : INFO  : KNIME-Worker-17-CASE Switch End 3:1:0:1495:1507:1262:1253 :  : LocalNodeExecutionJob : CASE Switch End : 3:1:0:1495:1507:1262:1253 : CASE Switch End 3:1:0:1495:1507:1262:1253 End execute (0 secs)
2025-04-30 19:50:05,469 : INFO  : KNIME-Worker-14-CASE Switch Start 3:1:0:1495:1507:1263:1251 :  : LocalNodeExecutionJob : CASE Switch Start : 3:1:0:1495:1507:1263:1251 : CASE Switch Start 3:1:0:1495:1507:1263:1251 End execute (0 secs)
2025-04-30 19:50:05,469 : INFO  : KNIME-Worker-18-Row Splitter 3:1:0:1495:1507:1263:1255 :  : LocalNodeExecutionJob : Row Splitter : 3:1:0:1495:1507:1263:1255 : Row Splitter 3:1:0:1495:1507:1263:1255 End execute (0 secs)
2025-04-30 19:50:05,470 : INFO  : KNIME-Worker-16-Row Filter 3:1:0:1495:1507:1263:1254 :  : LocalNodeExecutionJob : Row Filter : 3:1:0:1495:1507:1263:1254 : Row Filter 3:1:0:1495:1507:1263:1254 End execute (0 secs)
2025-04-30 19:50:05,470 : INFO  : KNIME-Worker-17-CASE Switch End 3:1:0:1495:1507:1263:1252 :  : LocalNodeExecutionJob : CASE Switch End : 3:1:0:1495:1507:1263:1252 : CASE Switch End 3:1:0:1495:1507:1263:1252 End execute (0 secs)
2025-04-30 19:50:05,471 : INFO  : KNIME-Worker-14-CASE Switch End 3:1:0:1495:1507:1263:1253 :  : LocalNodeExecutionJob : CASE Switch End : 3:1:0:1495:1507:1263:1253 : CASE Switch End 3:1:0:1495:1507:1263:1253 End execute (0 secs)
2025-04-30 19:50:05,472 : INFO  : KNIME-Worker-18-Column Filter 3:1:0:1495:2055:2006 :  : LocalNodeExecutionJob : Column Filter : 3:1:0:1495:2055:2006 : Column Filter 3:1:0:1495:2055:2006 End execute (0 secs)
2025-04-30 19:50:05,473 : INFO  : KNIME-Worker-16-Pivoting 3:1:0:1495:1370 :  : LocalNodeExecutionJob : Pivoting : 3:1:0:1495:1370 : Pivoting 3:1:0:1495:1370 End execute (0 secs)
2025-04-30 19:50:05,473 : INFO  : KNIME-Worker-17-Concatenate 3:1:0:1495:1507:1247 :  : LocalNodeExecutionJob : Concatenate : 3:1:0:1495:1507:1247 : Concatenate 3:1:0:1495:1507:1247 End execute (0 secs)
2025-04-30 19:50:05,473 : INFO  : KNIME-Worker-14-Python Script 3:1:0:1495:2055:1997 :  : LocalNodeExecutionJob : Python Script : 3:1:0:1495:2055:1997 : Python Script 3:1:0:1495:2055:1997 End execute (0 secs)
2025-04-30 19:50:05,473 : INFO  : KNIME-Worker-18-Column Rename (Regex) 3:1:0:1495:2036 :  : LocalNodeExecutionJob : Column Rename (Regex) : 3:1:0:1495:2036 : Column Rename (Regex) 3:1:0:1495:2036 End execute (0 secs)
2025-04-30 19:50:05,474 : INFO  : KNIME-Worker-16-CASE Switch Start 3:1:0:1495:2055:2025 :  : LocalNodeExecutionJob : CASE Switch Start : 3:1:0:1495:2055:2025 : CASE Switch Start 3:1:0:1495:2055:2025 End execute (0 secs)
2025-04-30 19:50:05,474 : INFO  : KNIME-Worker-17-Column Rename (Regex) 3:1:0:1495:2035 :  : LocalNodeExecutionJob : Column Rename (Regex) : 3:1:0:1495:2035 : Column Rename (Regex) 3:1:0:1495:2035 End execute (0 secs)
2025-04-30 19:50:05,474 : INFO  : KNIME-Worker-14-String Manipulation 3:1:0:1495:2055:2001 :  : LocalNodeExecutionJob : String Manipulation : 3:1:0:1495:2055:2001 : String Manipulation 3:1:0:1495:2055:2001 End execute (0 secs)
2025-04-30 19:50:05,475 : INFO  : KNIME-Worker-18-String Manipulation 3:1:0:1495:1503 :  : LocalNodeExecutionJob : String Manipulation : 3:1:0:1495:1503 : String Manipulation 3:1:0:1495:1503 End execute (0 secs)
2025-04-30 19:50:05,475 : INFO  : KNIME-Worker-16-Recursive Loop Start 3:1:0:1495:2055:2003 :  : LocalNodeExecutionJob : Recursive Loop Start : 3:1:0:1495:2055:2003 : Recursive Loop Start 3:1:0:1495:2055:2003 End execute (0 secs)
2025-04-30 19:50:05,476 : INFO  : KNIME-Worker-17-GroupBy 3:1:0:1495:1427 :  : LocalNodeExecutionJob : GroupBy : 3:1:0:1495:1427 : GroupBy 3:1:0:1495:1427 End execute (0 secs)
2025-04-30 19:50:05,476 : INFO  : KNIME-Worker-14-Python Script 3:1:0:1495:2055:1998 :  : LocalNodeExecutionJob : Python Script : 3:1:0:1495:2055:1998 : Python Script 3:1:0:1495:2055:1998 End execute (0 secs)
2025-04-30 19:50:05,476 : INFO  : KNIME-Worker-18-Pivoting 3:1:0:1495:1495 :  : LocalNodeExecutionJob : Pivoting : 3:1:0:1495:1495 : Pivoting 3:1:0:1495:1495 End execute (0 secs)
2025-04-30 19:50:05,476 : INFO  : KNIME-Worker-16-String Manipulation 3:1:0:1495:2055:1999 :  : LocalNodeExecutionJob : String Manipulation : 3:1:0:1495:2055:1999 : String Manipulation 3:1:0:1495:2055:1999 End execute (0 secs)
2025-04-30 19:50:05,477 : INFO  : KNIME-Worker-17-Row Filter 3:1:0:1495:2055:2013 :  : LocalNodeExecutionJob : Row Filter : 3:1:0:1495:2055:2013 : Row Filter 3:1:0:1495:2055:2013 End execute (0 secs)
2025-04-30 19:50:05,477 : INFO  : KNIME-Worker-14-Extract Table Dimension 3:1:0:1495:2055:2015 :  : LocalNodeExecutionJob : Extract Table Dimension : 3:1:0:1495:2055:2015 : Extract Table Dimension 3:1:0:1495:2055:2015 End execute (0 secs)
2025-04-30 19:50:05,477 : INFO  : KNIME-Worker-18-Python Script 3:1:0:1495:2055:2019 :  : LocalNodeExecutionJob : Python Script : 3:1:0:1495:2055:2019 : Python Script 3:1:0:1495:2055:2019 End execute (0 secs)
2025-04-30 19:50:05,478 : INFO  : KNIME-Worker-16-CASE Switch Start 3:1:0:1495:2055:2016 :  : LocalNodeExecutionJob : CASE Switch Start : 3:1:0:1495:2055:2016 : CASE Switch Start 3:1:0:1495:2055:2016 End execute (0 secs)
2025-04-30 19:50:05,478 : INFO  : KNIME-Worker-17-Column Filter 3:1:0:1495:2055:2020 :  : LocalNodeExecutionJob : Column Filter : 3:1:0:1495:2055:2020 : Column Filter 3:1:0:1495:2055:2020 End execute (0 secs)
2025-04-30 19:50:05,478 : INFO  : KNIME-Worker-14-String Manipulation 3:1:0:1495:2055:2000 :  : LocalNodeExecutionJob : String Manipulation : 3:1:0:1495:2055:2000 : String Manipulation 3:1:0:1495:2055:2000 End execute (0 secs)
2025-04-30 19:50:05,479 : INFO  : KNIME-Worker-18-Column Rename 3:1:0:1495:2055:2009 :  : LocalNodeExecutionJob : Column Rename : 3:1:0:1495:2055:2009 : Column Rename 3:1:0:1495:2055:2009 End execute (0 secs)
2025-04-30 19:50:05,479 : INFO  : KNIME-Worker-16-CASE Switch End 3:1:0:1495:2055:2017 :  : LocalNodeExecutionJob : CASE Switch End : 3:1:0:1495:2055:2017 : CASE Switch End 3:1:0:1495:2055:2017 End execute (0 secs)
2025-04-30 19:50:05,479 : INFO  : KNIME-Worker-17-Recursive Loop End 3:1:0:1495:2055:2004 :  : LocalNodeExecutionJob : Recursive Loop End : 3:1:0:1495:2055:2004 : Recursive Loop End 3:1:0:1495:2055:2004 End execute (0 secs)
2025-04-30 19:50:05,524 : INFO  : KNIME-Worker-14-CASE Switch End 3:1:0:1495:2055:2024 :  : LocalNodeExecutionJob : CASE Switch End : 3:1:0:1495:2055:2024 : CASE Switch End 3:1:0:1495:2055:2024 End execute (0 secs)
2025-04-30 19:50:05,524 : INFO  : KNIME-Worker-18-Reference Column Filter 3:1:0:1495:2055:2022 :  : LocalNodeExecutionJob : Reference Column Filter : 3:1:0:1495:2055:2022 : Reference Column Filter 3:1:0:1495:2055:2022 End execute (0 secs)
2025-04-30 19:50:05,525 : INFO  : KNIME-Worker-16-Column Appender 3:1:0:1495:2055:2021 :  : LocalNodeExecutionJob : Column Appender : 3:1:0:1495:2055:2021 : Column Appender 3:1:0:1495:2055:2021 End execute (0 secs)
2025-04-30 19:50:05,525 : INFO  : KNIME-Worker-17-Python Script 3:1:0:1495:2055:2026 :  : LocalNodeExecutionJob : Python Script : 3:1:0:1495:2055:2026 : Python Script 3:1:0:1495:2055:2026 End execute (0 secs)
2025-04-30 19:50:05,526 : INFO  : KNIME-Worker-14-Column Resorter 3:1:0:1495:2055:2023 :  : LocalNodeExecutionJob : Column Resorter : 3:1:0:1495:2055:2023 : Column Resorter 3:1:0:1495:2055:2023 End execute (0 secs)
2025-04-30 19:50:05,526 : INFO  : KNIME-Worker-18-CASE Switch Start 3:1:0:1495:2048 :  : LocalNodeExecutionJob : CASE Switch Start : 3:1:0:1495:2048 : CASE Switch Start 3:1:0:1495:2048 End execute (0 secs)
2025-04-30 19:50:05,527 : INFO  : KNIME-Worker-16-Row Filter 3:1:0:1495:2049 :  : LocalNodeExecutionJob : Row Filter : 3:1:0:1495:2049 : Row Filter 3:1:0:1495:2049 End execute (0 secs)
2025-04-30 19:50:05,527 : INFO  : KNIME-Worker-17-Round Double 3:1:0:1495:2052 :  : LocalNodeExecutionJob : Round Double : 3:1:0:1495:2052 : Round Double 3:1:0:1495:2052 End execute (0 secs)
2025-04-30 19:50:05,528 : INFO  : KNIME-Worker-14-Column Filter 3:1:0:1495:2053 :  : LocalNodeExecutionJob : Column Filter : 3:1:0:1495:2053 : Column Filter 3:1:0:1495:2053 End execute (0 secs)
2025-04-30 19:50:05,528 : INFO  : KNIME-Worker-18-Pivoting 3:1:0:1495:2056 :  : LocalNodeExecutionJob : Pivoting : 3:1:0:1495:2056 : Pivoting 3:1:0:1495:2056 End execute (0 secs)
2025-04-30 19:50:05,529 : INFO  : KNIME-Worker-16-String Manipulation 3:1:0:1495:2047 :  : LocalNodeExecutionJob : String Manipulation : 3:1:0:1495:2047 : String Manipulation 3:1:0:1495:2047 End execute (0 secs)
2025-04-30 19:50:05,530 : INFO  : KNIME-Worker-17-CASE Switch End 3:1:0:1495:2050 :  : LocalNodeExecutionJob : CASE Switch End : 3:1:0:1495:2050 : CASE Switch End 3:1:0:1495:2050 End execute (0 secs)
2025-04-30 19:50:05,858 : INFO  : KNIME-Worker-15-Row Splitter 3:1:0:1495:1374:1259:1246 :  : RowFilter2PortNodeModel : Row Splitter : 3:1:0:1495:1374:1259:1246 : The result table at port 1 contains no rows
2025-04-30 19:50:05,858 : INFO  : KNIME-Worker-15-Row Splitter 3:1:0:1495:1374:1259:1246 :  : LocalNodeExecutionJob : Row Splitter : 3:1:0:1495:1374:1259:1246 : Row Splitter 3:1:0:1495:1374:1259:1246 End execute (0 secs)
2025-04-30 19:50:05,860 : INFO  : KNIME-Worker-14-CASE Switch End 3:1:0:1495:1374:1259:1252 :  : LocalNodeExecutionJob : CASE Switch End : 3:1:0:1495:1374:1259:1252 : CASE Switch End 3:1:0:1495:1374:1259:1252 End execute (0 secs)
2025-04-30 19:50:05,860 : INFO  : KNIME-Worker-18-CASE Switch End 3:1:0:1495:1374:1259:1253 :  : CaseEndAnyNodeModel : CASE Switch End : 3:1:0:1495:1374:1259:1253 : The result table at port 0 contains no rows
2025-04-30 19:50:05,860 : WARN  : KNIME-Worker-18-CASE Switch End 3:1:0:1495:1374:1259:1253 :  : Node : CASE Switch End : 3:1:0:1495:1374:1259:1253 : Node created an empty data table.
2025-04-30 19:50:05,860 : INFO  : KNIME-Worker-18-CASE Switch End 3:1:0:1495:1374:1259:1253 :  : LocalNodeExecutionJob : CASE Switch End : 3:1:0:1495:1374:1259:1253 : CASE Switch End 3:1:0:1495:1374:1259:1253 End execute (0 secs)
2025-04-30 19:50:05,863 : WARN  : KNIME-Worker-14-CASE Switch End 3:1:0:1495:1374:1259:1252 :  : Node : CASE Switch Start : 3:1:0:1495:2023:2025 : Errors overwriting node settings with flow variables: Unknown variable "sequence_mods_switch"
2025-04-30 19:50:05,864 : INFO  : KNIME-Worker-16-CASE Switch Start 3:1:0:1495:1374:1260:1251 :  : LocalNodeExecutionJob : CASE Switch Start : 3:1:0:1495:1374:1260:1251 : CASE Switch Start 3:1:0:1495:1374:1260:1251 End execute (0 secs)
2025-04-30 19:50:05,865 : INFO  : KNIME-Worker-17-Row Filter 3:1:0:1495:1374:1260:1254 :  : LocalNodeExecutionJob : Row Filter : 3:1:0:1495:1374:1260:1254 : Row Filter 3:1:0:1495:1374:1260:1254 End execute (0 secs)
2025-04-30 19:50:06,078 : INFO  : KNIME-Worker-15-Row Splitter 3:1:0:1495:1374:1260:1241 :  : RowFilter2PortNodeModel : Row Splitter : 3:1:0:1495:1374:1260:1241 : The result table at port 1 contains no rows
2025-04-30 19:50:06,078 : INFO  : KNIME-Worker-15-Row Splitter 3:1:0:1495:1374:1260:1241 :  : LocalNodeExecutionJob : Row Splitter : 3:1:0:1495:1374:1260:1241 : Row Splitter 3:1:0:1495:1374:1260:1241 End execute (0 secs)
2025-04-30 19:50:06,080 : INFO  : KNIME-Worker-18-CASE Switch End 3:1:0:1495:1374:1260:1252 :  : LocalNodeExecutionJob : CASE Switch End : 3:1:0:1495:1374:1260:1252 : CASE Switch End 3:1:0:1495:1374:1260:1252 End execute (0 secs)
2025-04-30 19:50:06,080 : INFO  : KNIME-Worker-14-CASE Switch End 3:1:0:1495:1374:1260:1253 :  : CaseEndAnyNodeModel : CASE Switch End : 3:1:0:1495:1374:1260:1253 : The result table at port 0 contains no rows
2025-04-30 19:50:06,080 : WARN  : KNIME-Worker-14-CASE Switch End 3:1:0:1495:1374:1260:1253 :  : Node : CASE Switch End : 3:1:0:1495:1374:1260:1253 : Node created an empty data table.
2025-04-30 19:50:06,080 : INFO  : KNIME-Worker-14-CASE Switch End 3:1:0:1495:1374:1260:1253 :  : LocalNodeExecutionJob : CASE Switch End : 3:1:0:1495:1374:1260:1253 : CASE Switch End 3:1:0:1495:1374:1260:1253 End execute (0 secs)
2025-04-30 19:50:06,082 : WARN  : KNIME-Worker-18-CASE Switch End 3:1:0:1495:1374:1260:1252 :  : Node : CASE Switch Start : 3:1:0:1495:2023:2025 : Errors overwriting node settings with flow variables: Unknown variable "sequence_mods_switch"
2025-04-30 19:50:06,083 : INFO  : KNIME-Worker-16-CASE Switch Start 3:1:0:1495:1374:1261:1251 :  : LocalNodeExecutionJob : CASE Switch Start : 3:1:0:1495:1374:1261:1251 : CASE Switch Start 3:1:0:1495:1374:1261:1251 End execute (0 secs)
2025-04-30 19:50:06,083 : INFO  : KNIME-Worker-17-Row Splitter 3:1:0:1495:1374:1261:1249 :  : LocalNodeExecutionJob : Row Splitter : 3:1:0:1495:1374:1261:1249 : Row Splitter 3:1:0:1495:1374:1261:1249 End execute (0 secs)
2025-04-30 19:50:06,084 : INFO  : KNIME-Worker-18-CASE Switch End 3:1:0:1495:1374:1261:1252 :  : LocalNodeExecutionJob : CASE Switch End : 3:1:0:1495:1374:1261:1252 : CASE Switch End 3:1:0:1495:1374:1261:1252 End execute (0 secs)
2025-04-30 19:50:06,086 : WARN  : KNIME-Worker-18-CASE Switch End 3:1:0:1495:1374:1261:1252 :  : Node : CASE Switch Start : 3:1:0:1495:2023:2025 : Errors overwriting node settings with flow variables: Unknown variable "sequence_mods_switch"
2025-04-30 19:50:06,086 : INFO  : KNIME-Worker-15-Row Filter 3:1:0:1495:1374:1261:1254 :  : RowFilterNodeModel : Row Filter : 3:1:0:1495:1374:1261:1254 : The result table at port 0 contains no rows
2025-04-30 19:50:06,086 : WARN  : KNIME-Worker-15-Row Filter 3:1:0:1495:1374:1261:1254 :  : Node : Row Filter : 3:1:0:1495:1374:1261:1254 : Node created an empty data table.
2025-04-30 19:50:06,086 : INFO  : KNIME-Worker-15-Row Filter 3:1:0:1495:1374:1261:1254 :  : LocalNodeExecutionJob : Row Filter : 3:1:0:1495:1374:1261:1254 : Row Filter 3:1:0:1495:1374:1261:1254 End execute (0 secs)
2025-04-30 19:50:06,087 : INFO  : KNIME-Worker-14-CASE Switch Start 3:1:0:1495:1374:1262:1251 :  : LocalNodeExecutionJob : CASE Switch Start : 3:1:0:1495:1374:1262:1251 : CASE Switch Start 3:1:0:1495:1374:1262:1251 End execute (0 secs)
2025-04-30 19:50:06,087 : INFO  : KNIME-Worker-16-CASE Switch End 3:1:0:1495:1374:1261:1253 :  : CaseEndAnyNodeModel : CASE Switch End : 3:1:0:1495:1374:1261:1253 : The result table at port 0 contains no rows
2025-04-30 19:50:06,087 : WARN  : KNIME-Worker-16-CASE Switch End 3:1:0:1495:1374:1261:1253 :  : Node : CASE Switch End : 3:1:0:1495:1374:1261:1253 : Node created an empty data table.
2025-04-30 19:50:06,087 : INFO  : KNIME-Worker-16-CASE Switch End 3:1:0:1495:1374:1261:1253 :  : LocalNodeExecutionJob : CASE Switch End : 3:1:0:1495:1374:1261:1253 : CASE Switch End 3:1:0:1495:1374:1261:1253 End execute (0 secs)
2025-04-30 19:50:06,088 : INFO  : KNIME-Worker-17-Row Splitter 3:1:0:1495:1374:1262:1248 :  : LocalNodeExecutionJob : Row Splitter : 3:1:0:1495:1374:1262:1248 : Row Splitter 3:1:0:1495:1374:1262:1248 End execute (0 secs)
2025-04-30 19:50:06,088 : INFO  : KNIME-Worker-15-CASE Switch End 3:1:0:1495:1374:1262:1252 :  : LocalNodeExecutionJob : CASE Switch End : 3:1:0:1495:1374:1262:1252 : CASE Switch End 3:1:0:1495:1374:1262:1252 End execute (0 secs)
2025-04-30 19:50:06,090 : WARN  : KNIME-Worker-15-CASE Switch End 3:1:0:1495:1374:1262:1252 :  : Node : CASE Switch Start : 3:1:0:1495:2023:2025 : Errors overwriting node settings with flow variables: Unknown variable "sequence_mods_switch"
2025-04-30 19:50:06,090 : INFO  : KNIME-Worker-18-Row Filter 3:1:0:1495:1374:1262:1254 :  : RowFilterNodeModel : Row Filter : 3:1:0:1495:1374:1262:1254 : The result table at port 0 contains no rows
2025-04-30 19:50:06,090 : WARN  : KNIME-Worker-18-Row Filter 3:1:0:1495:1374:1262:1254 :  : Node : Row Filter : 3:1:0:1495:1374:1262:1254 : Node created an empty data table.
2025-04-30 19:50:06,090 : INFO  : KNIME-Worker-18-Row Filter 3:1:0:1495:1374:1262:1254 :  : LocalNodeExecutionJob : Row Filter : 3:1:0:1495:1374:1262:1254 : Row Filter 3:1:0:1495:1374:1262:1254 End execute (0 secs)
2025-04-30 19:50:06,091 : INFO  : KNIME-Worker-14-CASE Switch Start 3:1:0:1495:1374:1263:1251 :  : LocalNodeExecutionJob : CASE Switch Start : 3:1:0:1495:1374:1263:1251 : CASE Switch Start 3:1:0:1495:1374:1263:1251 End execute (0 secs)
2025-04-30 19:50:06,091 : INFO  : KNIME-Worker-16-CASE Switch End 3:1:0:1495:1374:1262:1253 :  : CaseEndAnyNodeModel : CASE Switch End : 3:1:0:1495:1374:1262:1253 : The result table at port 0 contains no rows
2025-04-30 19:50:06,091 : WARN  : KNIME-Worker-16-CASE Switch End 3:1:0:1495:1374:1262:1253 :  : Node : CASE Switch End : 3:1:0:1495:1374:1262:1253 : Node created an empty data table.
2025-04-30 19:50:06,091 : INFO  : KNIME-Worker-16-CASE Switch End 3:1:0:1495:1374:1262:1253 :  : LocalNodeExecutionJob : CASE Switch End : 3:1:0:1495:1374:1262:1253 : CASE Switch End 3:1:0:1495:1374:1262:1253 End execute (0 secs)
2025-04-30 19:50:06,092 : INFO  : KNIME-Worker-17-Row Splitter 3:1:0:1495:1374:1263:1250 :  : LocalNodeExecutionJob : Row Splitter : 3:1:0:1495:1374:1263:1250 : Row Splitter 3:1:0:1495:1374:1263:1250 End execute (0 secs)
2025-04-30 19:50:06,092 : INFO  : KNIME-Worker-18-CASE Switch End 3:1:0:1495:1374:1263:1252 :  : LocalNodeExecutionJob : CASE Switch End : 3:1:0:1495:1374:1263:1252 : CASE Switch End 3:1:0:1495:1374:1263:1252 End execute (0 secs)
2025-04-30 19:50:06,094 : WARN  : KNIME-Worker-18-CASE Switch End 3:1:0:1495:1374:1263:1252 :  : Node : CASE Switch Start : 3:1:0:1495:2023:2025 : Errors overwriting node settings with flow variables: Unknown variable "sequence_mods_switch"
2025-04-30 19:50:06,094 : 2025-04-30 19:50:06,094 : INFOWARN  :   : KNIME-Worker-18-CASE Switch End 3:1:0:1495:1374:1263:1252 : KNIME-Worker-15-Row Filter 3:1:0:1495:1374:1263:1254 :  :  : Node : RowFilterNodeModel : CASE Switch Start : Row Filter : 3:1:0:1495:2023:2025 : 3:1:0:1495:1374:1263:1254 : Errors overwriting node settings with flow variables: Unknown variable "sequence_mods_switch"
The result table at port 0 contains no rows
2025-04-30 19:50:06,094 : WARN  : KNIME-Worker-15-Row Filter 3:1:0:1495:1374:1263:1254 :  : Node : Row Filter : 3:1:0:1495:1374:1263:1254 : Node created an empty data table.
2025-04-30 19:50:06,094 : INFO  : KNIME-Worker-15-Row Filter 3:1:0:1495:1374:1263:1254 :  : LocalNodeExecutionJob : Row Filter : 3:1:0:1495:1374:1263:1254 : Row Filter 3:1:0:1495:1374:1263:1254 End execute (0 secs)
2025-04-30 19:50:06,095 : WARN  : KNIME-Worker-15-Row Filter 3:1:0:1495:1374:1263:1254 :  : Node : CASE Switch Start : 3:1:0:1495:2023:2025 : Errors overwriting node settings with flow variables: Unknown variable "sequence_mods_switch"
2025-04-30 19:50:06,096 : INFO  : KNIME-Worker-16-Column Filter 3:1:0:1495:2023:2006 :  : LocalNodeExecutionJob : Column Filter : 3:1:0:1495:2023:2006 : Column Filter 3:1:0:1495:2023:2006 End execute (0 secs)
2025-04-30 19:50:06,096 : WARN  : KNIME-Worker-16-Column Filter 3:1:0:1495:2023:2006 :  : Node : CASE Switch Start : 3:1:0:1495:2023:2025 : Errors overwriting node settings with flow variables: Unknown variable "sequence_mods_switch"
2025-04-30 19:50:06,097 : INFO  : KNIME-Worker-17-CASE Switch End 3:1:0:1495:1374:1263:1253 :  : CaseEndAnyNodeModel : CASE Switch End : 3:1:0:1495:1374:1263:1253 : The result table at port 0 contains no rows
2025-04-30 19:50:06,097 : WARN  : KNIME-Worker-17-CASE Switch End 3:1:0:1495:1374:1263:1253 :  : Node : CASE Switch End : 3:1:0:1495:1374:1263:1253 : Node created an empty data table.
2025-04-30 19:50:06,097 : INFO  : KNIME-Worker-17-CASE Switch End 3:1:0:1495:1374:1263:1253 :  : LocalNodeExecutionJob : CASE Switch End : 3:1:0:1495:1374:1263:1253 : CASE Switch End 3:1:0:1495:1374:1263:1253 End execute (0 secs)
2025-04-30 19:50:06,123 : WARN  : KNIME-Worker-17-CASE Switch End 3:1:0:1495:1374:1263:1253 :  : Node : CASE Switch Start : 3:1:0:1495:2023:2025 : Errors overwriting node settings with flow variables: Unknown variable "sequence_mods_switch"
2025-04-30 19:50:06,515 : WARN  : KNIME-Worker-18-Python Script 3:1:0:1495:2023:1997 :  : Python3KernelBackend : Python Script : 3:1:0:1495:2023:1997 : Array-typed flow variable 'modifications_lists' is empty and will be ignored.
2025-04-30 19:50:06,515 : INFO  : KNIME-Worker-18-Python Script 3:1:0:1495:2023:1997 :  : LocalNodeExecutionJob : Python Script : 3:1:0:1495:2023:1997 : Python Script 3:1:0:1495:2023:1997 End execute (0 secs)
2025-04-30 19:50:06,674 : WARN  : KNIME-Worker-18-Python Script 3:1:0:1495:2023:1997 :  : Node : CASE Switch Start : 3:1:0:1495:2023:2016 : Errors overwriting node settings with flow variables: Unknown variable "mod_column_add_switch"
2025-04-30 19:50:06,676 : INFO  : KNIME-Worker-15-Concatenate 3:1:0:1495:1374:1247 :  : AppendedRowsNodeModel : Concatenate : 3:1:0:1495:1374:1247 : The result table at port 0 contains no rows
2025-04-30 19:50:06,676 : WARN  : KNIME-Worker-15-Concatenate 3:1:0:1495:1374:1247 :  : Node : Concatenate : 3:1:0:1495:1374:1247 : Node created an empty data table.
2025-04-30 19:50:06,676 : INFO  : KNIME-Worker-15-Concatenate 3:1:0:1495:1374:1247 :  : LocalNodeExecutionJob : Concatenate : 3:1:0:1495:1374:1247 : Concatenate 3:1:0:1495:1374:1247 End execute (0 secs)
2025-04-30 19:50:06,677 : INFO  : KNIME-Worker-16-CASE Switch Start 3:1:0:1495:2023:2025 :  : LocalNodeExecutionJob : CASE Switch Start : 3:1:0:1495:2023:2025 : CASE Switch Start 3:1:0:1495:2023:2025 End execute (0 secs)
2025-04-30 19:50:06,679 : INFO  : KNIME-Worker-17-String Manipulation 3:1:0:1495:2023:2001 :  : LocalNodeExecutionJob : String Manipulation : 3:1:0:1495:2023:2001 : String Manipulation 3:1:0:1495:2023:2001 End execute (0 secs)
2025-04-30 19:50:06,680 : INFO  : KNIME-Worker-18-Recursive Loop Start 3:1:0:1495:2023:2003 :  : LocalNodeExecutionJob : Recursive Loop Start : 3:1:0:1495:2023:2003 : Recursive Loop Start 3:1:0:1495:2023:2003 End execute (0 secs)
2025-04-30 19:50:06,680 : INFO  : KNIME-Worker-15-Python Script 3:1:0:1495:2023:1998 :  : LocalNodeExecutionJob : Python Script : 3:1:0:1495:2023:1998 : Python Script 3:1:0:1495:2023:1998 End execute (0 secs)
2025-04-30 19:50:06,681 : INFO  : KNIME-Worker-16-String Manipulation 3:1:0:1495:2023:1999 :  : LocalNodeExecutionJob : String Manipulation : 3:1:0:1495:2023:1999 : String Manipulation 3:1:0:1495:2023:1999 End execute (0 secs)
2025-04-30 19:50:06,681 : INFO  : KNIME-Worker-17-Row Filter 3:1:0:1495:2023:2013 :  : LocalNodeExecutionJob : Row Filter : 3:1:0:1495:2023:2013 : Row Filter 3:1:0:1495:2023:2013 End execute (0 secs)
2025-04-30 19:50:06,681 : INFO  : KNIME-Worker-18-Extract Table Dimension 3:1:0:1495:2023:2015 :  : LocalNodeExecutionJob : Extract Table Dimension : 3:1:0:1495:2023:2015 : Extract Table Dimension 3:1:0:1495:2023:2015 End execute (0 secs)
2025-04-30 19:50:06,682 : INFO  : KNIME-Worker-15-Python Script 3:1:0:1495:2023:2019 :  : LocalNodeExecutionJob : Python Script : 3:1:0:1495:2023:2019 : Python Script 3:1:0:1495:2023:2019 End execute (0 secs)
2025-04-30 19:50:06,682 : INFO  : KNIME-Worker-16-CASE Switch Start 3:1:0:1495:2023:2016 :  : LocalNodeExecutionJob : CASE Switch Start : 3:1:0:1495:2023:2016 : CASE Switch Start 3:1:0:1495:2023:2016 End execute (0 secs)
2025-04-30 19:50:06,682 : INFO  : KNIME-Worker-17-Column Filter 3:1:0:1495:2023:2020 :  : LocalNodeExecutionJob : Column Filter : 3:1:0:1495:2023:2020 : Column Filter 3:1:0:1495:2023:2020 End execute (0 secs)
2025-04-30 19:50:06,683 : INFO  : KNIME-Worker-18-String Manipulation 3:1:0:1495:2023:2000 :  : LocalNodeExecutionJob : String Manipulation : 3:1:0:1495:2023:2000 : String Manipulation 3:1:0:1495:2023:2000 End execute (0 secs)
2025-04-30 19:50:06,683 : INFO  : KNIME-Worker-15-Column Rename 3:1:0:1495:2023:2009 :  : LocalNodeExecutionJob : Column Rename : 3:1:0:1495:2023:2009 : Column Rename 3:1:0:1495:2023:2009 End execute (0 secs)
2025-04-30 19:50:06,683 : INFO  : KNIME-Worker-16-CASE Switch End 3:1:0:1495:2023:2017 :  : LocalNodeExecutionJob : CASE Switch End : 3:1:0:1495:2023:2017 : CASE Switch End 3:1:0:1495:2023:2017 End execute (0 secs)
2025-04-30 19:50:06,683 : INFO  : KNIME-Worker-17-Recursive Loop End 3:1:0:1495:2023:2004 :  : LocalNodeExecutionJob : Recursive Loop End : 3:1:0:1495:2023:2004 : Recursive Loop End 3:1:0:1495:2023:2004 End execute (0 secs)
2025-04-30 19:50:06,684 : INFO  : KNIME-Worker-18-CASE Switch End 3:1:0:1495:2023:2024 :  : LocalNodeExecutionJob : CASE Switch End : 3:1:0:1495:2023:2024 : CASE Switch End 3:1:0:1495:2023:2024 End execute (0 secs)
2025-04-30 19:50:06,685 : INFO  : KNIME-Worker-15-Reference Column Filter 3:1:0:1495:2023:2022 :  : LocalNodeExecutionJob : Reference Column Filter : 3:1:0:1495:2023:2022 : Reference Column Filter 3:1:0:1495:2023:2022 End execute (0 secs)
2025-04-30 19:50:06,731 : INFO  : KNIME-Worker-16-Column Appender 3:1:0:1495:2023:2021 :  : LocalNodeExecutionJob : Column Appender : 3:1:0:1495:2023:2021 : Column Appender 3:1:0:1495:2023:2021 End execute (0 secs)
2025-04-30 19:50:06,795 : INFO  : KNIME-Worker-14-Pivoting 3:1:0:1495:1429 :  : LocalNodeExecutionJob : Pivoting : 3:1:0:1495:1429 : Pivoting 3:1:0:1495:1429 End execute (0 secs)
2025-04-30 19:50:06,855 : WARN  : KNIME-Worker-14-Pivoting 3:1:0:1495:1429 :  : Node : Round Double : 3:1:0:1495:2028 : 5 selected columns are not available anymore.
2025-04-30 19:50:06,857 : WARN  : KNIME-Worker-14-Pivoting 3:1:0:1495:1429 :  : Node : Pivoting : 3:1:0:1495:2025 : Errors overwriting node settings with flow variables: Unknown variable "columns_to_group_with"
2025-04-30 19:50:06,904 : INFO  : KNIME-Worker-18-Column Rename (Regex) 3:1:0:1495:2033 :  : LocalNodeExecutionJob : Column Rename (Regex) : 3:1:0:1495:2033 : Column Rename (Regex) 3:1:0:1495:2033 End execute (0 secs)
2025-04-30 19:50:06,906 : INFO  : KNIME-Worker-15-Column Rename (Regex) 3:1:0:1495:2034 :  : LocalNodeExecutionJob : Column Rename (Regex) : 3:1:0:1495:2034 : Column Rename (Regex) 3:1:0:1495:2034 End execute (0 secs)
2025-04-30 19:50:06,946 : INFO  : KNIME-Worker-16-String Manipulation 3:1:0:1495:1502 :  : LocalNodeExecutionJob : String Manipulation : 3:1:0:1495:1502 : String Manipulation 3:1:0:1495:1502 End execute (0 secs)
2025-04-30 19:50:07,085 : INFO  : KNIME-Worker-14-GroupBy 3:1:0:1495:1431 :  : LocalNodeExecutionJob : GroupBy : 3:1:0:1495:1431 : GroupBy 3:1:0:1495:1431 End execute (0 secs)
2025-04-30 19:50:07,673 : INFO  : KNIME-Worker-18-Pivoting 3:1:0:1495:1493 :  : LocalNodeExecutionJob : Pivoting : 3:1:0:1495:1493 : Pivoting 3:1:0:1495:1493 End execute (0 secs)
2025-04-30 19:50:07,675 : INFO  : KNIME-Worker-15-CASE Switch End 3:1:0:1495:1252 :  : LocalNodeExecutionJob : CASE Switch End : 3:1:0:1495:1252 : CASE Switch End 3:1:0:1495:1252 End execute (0 secs)
2025-04-30 19:50:07,676 : INFO  : KNIME-Worker-16-CASE Switch End 3:1:0:1495:1508 :  : LocalNodeExecutionJob : CASE Switch End : 3:1:0:1495:1508 : CASE Switch End 3:1:0:1495:1508 End execute (0 secs)
2025-04-30 19:50:07,719 : INFO  : KNIME-Worker-14-Row Splitter 3:1:0:1536 :  : RowFilter2PortNodeModel : Row Splitter : 3:1:0:1536 : The result table at port 1 contains no rows
2025-04-30 19:50:07,719 : INFO  : KNIME-Worker-14-Row Splitter 3:1:0:1536 :  : LocalNodeExecutionJob : Row Splitter : 3:1:0:1536 : Row Splitter 3:1:0:1536 End execute (0 secs)
2025-04-30 19:50:07,760 : INFO  : KNIME-Worker-18-Row Splitter 3:1:0:1535 :  : RowFilter2PortNodeModel : Row Splitter : 3:1:0:1535 : The result table at port 1 contains no rows
2025-04-30 19:50:07,760 : INFO  : KNIME-Worker-18-Row Splitter 3:1:0:1535 :  : LocalNodeExecutionJob : Row Splitter : 3:1:0:1535 : Row Splitter 3:1:0:1535 End execute (0 secs)
2025-04-30 19:50:07,764 : INFO  : KNIME-Worker-15-Math Formula 3:1:0:1359 :  : LocalNodeExecutionJob : Math Formula : 3:1:0:1359 : Math Formula 3:1:0:1359 End execute (0 secs)
2025-04-30 19:50:07,783 : INFO  : KNIME-Worker-16-Math Formula 3:1:0:1501 :  : LocalNodeExecutionJob : Math Formula : 3:1:0:1501 : Math Formula 3:1:0:1501 End execute (0 secs)
2025-04-30 19:50:07,786 : INFO  : KNIME-Worker-15-Component Input 3:1:0:0:0:266 :  : LocalNodeExecutionJob : Component Input : 3:1:0:0:0:266 : Component Input 3:1:0:0:0:266 End execute (0 secs)
2025-04-30 19:50:07,786 : INFO  : KNIME-Worker-16-Multiple Selection Configuration 3:1:0:0:0:983 :  : LocalNodeExecutionJob : Multiple Selection Configuration : 3:1:0:0:0:983 : Multiple Selection Configuration 3:1:0:0:0:983 End execute (0 secs)
2025-04-30 19:50:07,787 : INFO  : KNIME-Worker-15-Component Input 3:1:0:1503:0:266 :  : LocalNodeExecutionJob : Component Input : 3:1:0:1503:0:266 : Component Input 3:1:0:1503:0:266 End execute (0 secs)
2025-04-30 19:50:07,787 : INFO  : KNIME-Worker-16-Multiple Selection Configuration 3:1:0:1503:0:983 :  : LocalNodeExecutionJob : Multiple Selection Configuration : 3:1:0:1503:0:983 : Multiple Selection Configuration 3:1:0:1503:0:983 End execute (0 secs)
2025-04-30 19:50:07,788 : INFO  : KNIME-Worker-15-Column Filter Configuration 3:1:0:0:0:982 :  : LocalNodeExecutionJob : Column Filter Configuration : 3:1:0:0:0:982 : Column Filter Configuration 3:1:0:0:0:982 End execute (0 secs)
2025-04-30 19:50:07,789 : INFO  : KNIME-Worker-16-Multiple Selection Configuration 3:1:0:0:0:994 :  : LocalNodeExecutionJob : Multiple Selection Configuration : 3:1:0:0:0:994 : Multiple Selection Configuration 3:1:0:0:0:994 End execute (0 secs)
2025-04-30 19:50:07,790 : INFO  : KNIME-Worker-15-Column Filter Configuration 3:1:0:1503:0:982 :  : LocalNodeExecutionJob : Column Filter Configuration : 3:1:0:1503:0:982 : Column Filter Configuration 3:1:0:1503:0:982 End execute (0 secs)
2025-04-30 19:50:07,791 : INFO  : KNIME-Worker-16-Multiple Selection Configuration 3:1:0:1503:0:994 :  : LocalNodeExecutionJob : Multiple Selection Configuration : 3:1:0:1503:0:994 : Multiple Selection Configuration 3:1:0:1503:0:994 End execute (0 secs)
2025-04-30 19:50:07,791 : INFO  : KNIME-Worker-15-String Configuration 3:1:0:0:0:995 :  : LocalNodeExecutionJob : String Configuration : 3:1:0:0:0:995 : String Configuration 3:1:0:0:0:995 End execute (0 secs)
2025-04-30 19:50:07,792 : INFO  : KNIME-Worker-16-String Configuration 3:1:0:1503:0:995 :  : LocalNodeExecutionJob : String Configuration : 3:1:0:1503:0:995 : String Configuration 3:1:0:1503:0:995 End execute (0 secs)
2025-04-30 19:50:07,792 : INFO  : KNIME-Worker-15-String Configuration 3:1:0:0:0:996 :  : LocalNodeExecutionJob : String Configuration : 3:1:0:0:0:996 : String Configuration 3:1:0:0:0:996 End execute (0 secs)
2025-04-30 19:50:07,792 : INFO  : KNIME-Worker-16-String Configuration 3:1:0:1503:0:996 :  : LocalNodeExecutionJob : String Configuration : 3:1:0:1503:0:996 : String Configuration 3:1:0:1503:0:996 End execute (0 secs)
2025-04-30 19:50:07,792 : INFO  : KNIME-Worker-15-String Configuration 3:1:0:0:0:997 :  : LocalNodeExecutionJob : String Configuration : 3:1:0:0:0:997 : String Configuration 3:1:0:0:0:997 End execute (0 secs)
2025-04-30 19:50:07,792 : INFO  : KNIME-Worker-16-String Configuration 3:1:0:1503:0:997 :  : LocalNodeExecutionJob : String Configuration : 3:1:0:1503:0:997 : String Configuration 3:1:0:1503:0:997 End execute (0 secs)
2025-04-30 19:50:07,793 : INFO  : KNIME-Worker-15-String Configuration 3:1:0:0:0:999 :  : LocalNodeExecutionJob : String Configuration : 3:1:0:0:0:999 : String Configuration 3:1:0:0:0:999 End execute (0 secs)
2025-04-30 19:50:07,793 : INFO  : KNIME-Worker-16-String Configuration 3:1:0:1503:0:999 :  : LocalNodeExecutionJob : String Configuration : 3:1:0:1503:0:999 : String Configuration 3:1:0:1503:0:999 End execute (0 secs)
2025-04-30 19:50:07,793 : INFO  : KNIME-Worker-15-String Input (legacy) 3:1:0:0:0:1000 :  : LocalNodeExecutionJob : String Input (legacy) : 3:1:0:0:0:1000 : String Input (legacy) 3:1:0:0:0:1000 End execute (0 secs)
2025-04-30 19:50:07,794 : INFO  : KNIME-Worker-16-String Input (legacy) 3:1:0:1503:0:1000 :  : LocalNodeExecutionJob : String Input (legacy) : 3:1:0:1503:0:1000 : String Input (legacy) 3:1:0:1503:0:1000 End execute (0 secs)
2025-04-30 19:50:09,319 : INFO  : KNIME-Worker-17-Python Script 3:1:0:1495:2023:2026 :  : LocalNodeExecutionJob : Python Script : 3:1:0:1495:2023:2026 : Python Script 3:1:0:1495:2023:2026 End execute (2 secs)
2025-04-30 19:50:09,319 : WARN  : KNIME-Worker-17-Python Script 3:1:0:1495:2023:2026 :  : Node : Round Double : 3:1:0:1495:2028 : 5 selected columns are not available anymore.
2025-04-30 19:50:09,322 : WARN  : KNIME-Worker-17-Python Script 3:1:0:1495:2023:2026 :  : Node : Pivoting : 3:1:0:1495:2025 : 5 invalid aggregation column(s) found.
2025-04-30 19:50:09,323 : WARN  : KNIME-Worker-17-Python Script 3:1:0:1495:2023:2026 :  : Node : Pivoting : 3:1:0:1495:2025 : 5 invalid aggregation column(s) found.
2025-04-30 19:50:09,323 : WARN  : KNIME-Worker-17-Python Script 3:1:0:1495:2023:2026 :  : Node : Pivoting : 3:1:0:1495:2025 : 5 invalid aggregation column(s) found.
2025-04-30 19:50:10,441 : INFO  : KNIME-Worker-15-Python Script (legacy) 3:1:0:0:0:979 :  : LocalNodeExecutionJob : Python Script (legacy) : 3:1:0:0:0:979 : Python Script (legacy) 3:1:0:0:0:979 End execute (2 secs)
2025-04-30 19:50:10,443 : INFO  : KNIME-Worker-17-Column Resorter 3:1:0:1495:2023:2023 :  : LocalNodeExecutionJob : Column Resorter : 3:1:0:1495:2023:2023 : Column Resorter 3:1:0:1495:2023:2023 End execute (0 secs)
2025-04-30 19:50:10,447 : INFO  : KNIME-Worker-15-Math Formula (Multi Column) 3:1:0:0:0:845 :  : LocalNodeExecutionJob : Math Formula (Multi Column) : 3:1:0:0:0:845 : Math Formula (Multi Column) 3:1:0:0:0:845 End execute (0 secs)
2025-04-30 19:50:10,448 : INFO  : KNIME-Worker-17-CASE Switch Start 3:1:0:1495:2038 :  : LocalNodeExecutionJob : CASE Switch Start : 3:1:0:1495:2038 : CASE Switch Start 3:1:0:1495:2038 End execute (0 secs)
2025-04-30 19:50:10,448 : WARN  : KNIME-Worker-17-CASE Switch Start 3:1:0:1495:2038 :  : Node : Row Splitter : 3:1:0:2005 : Column range filter: Input table doesn't contain specified column name
2025-04-30 19:50:10,450 : INFO  : KNIME-Worker-15-Column Appender 3:1:0:0:0:992 :  : LocalNodeExecutionJob : Column Appender : 3:1:0:0:0:992 : Column Appender 3:1:0:0:0:992 End execute (0 secs)
2025-04-30 19:50:10,456 : INFO  : KNIME-Worker-17-Row Filter 3:1:0:1495:2046 :  : LocalNodeExecutionJob : Row Filter : 3:1:0:1495:2046 : Row Filter 3:1:0:1495:2046 End execute (0 secs)
2025-04-30 19:50:10,456 : INFO  : KNIME-Worker-15-Round Double 3:1:0:1495:2028 :  : LocalNodeExecutionJob : Round Double : 3:1:0:1495:2028 : Round Double 3:1:0:1495:2028 End execute (0 secs)
2025-04-30 19:50:10,457 : INFO  : KNIME-Worker-17-Component Output 3:1:0:0:0:856 :  : LocalNodeExecutionJob : Component Output : 3:1:0:0:0:856 : Component Output 3:1:0:0:0:856 End execute (0 secs)
2025-04-30 19:50:10,457 : INFO  : KNIME-Worker-14-Columns descriptive statistics 3:1:0:0 :  : LocalNodeExecutionJob : Columns descriptive statistics : 3:1:0:0 : Columns descriptive statistics 3:1:0:0 End execute (2 secs)
2025-04-30 19:50:10,457 : INFO  : KNIME-Worker-15-Column Filter 3:1:0:1495:2006 :  : LocalNodeExecutionJob : Column Filter : 3:1:0:1495:2006 : Column Filter 3:1:0:1495:2006 End execute (0 secs)
2025-04-30 19:50:10,547 : INFO  : KNIME-Worker-17-Pivoting 3:1:0:1495:2025 :  : LocalNodeExecutionJob : Pivoting : 3:1:0:1495:2025 : Pivoting 3:1:0:1495:2025 End execute (0 secs)
2025-04-30 19:50:10,548 : INFO  : KNIME-Worker-14-Extract Column Header 3:1:0:1507:1505:1487 :  : LocalNodeExecutionJob : Extract Column Header : 3:1:0:1507:1505:1487 : Extract Column Header 3:1:0:1507:1505:1487 End execute (0 secs)
2025-04-30 19:50:10,552 : INFO  : KNIME-Worker-15-String Manipulation 3:1:0:1495:2045 :  : LocalNodeExecutionJob : String Manipulation : 3:1:0:1495:2045 : String Manipulation 3:1:0:1495:2045 End execute (0 secs)
2025-04-30 19:50:10,553 : WARN  : KNIME-Worker-15-String Manipulation 3:1:0:1495:2045 :  : Node : Row Splitter : 3:1:0:2005 : Column range filter: Input table doesn't contain specified column name
2025-04-30 19:50:10,556 : INFO  : KNIME-Worker-17-String Manipulation 3:1:0:1507:1505:1497 :  : LocalNodeExecutionJob : String Manipulation : 3:1:0:1507:1505:1497 : String Manipulation 3:1:0:1507:1505:1497 End execute (0 secs)
2025-04-30 19:50:10,557 : INFO  : KNIME-Worker-14-CASE Switch End 3:1:0:1495:2024 :  : LocalNodeExecutionJob : CASE Switch End : 3:1:0:1495:2024 : CASE Switch End 3:1:0:1495:2024 End execute (0 secs)
2025-04-30 19:50:10,558 : INFO  : KNIME-Worker-15-Recursive Loop Start 3:1:0:1507:1505:1492 :  : LocalNodeExecutionJob : Recursive Loop Start : 3:1:0:1507:1505:1492 : Recursive Loop Start 3:1:0:1507:1505:1492 End execute (0 secs)
2025-04-30 19:50:10,559 : INFO  : KNIME-Worker-17-CASE Switch End 3:1:0:1495:2026 :  : LocalNodeExecutionJob : CASE Switch End : 3:1:0:1495:2026 : CASE Switch End 3:1:0:1495:2026 End execute (0 secs)
2025-04-30 19:50:10,562 : INFO  : KNIME-Worker-14-Row Filter 3:1:0:1507:1505:1494 :  : LocalNodeExecutionJob : Row Filter : 3:1:0:1507:1505:1494 : Row Filter 3:1:0:1507:1505:1494 End execute (0 secs)
2025-04-30 19:50:10,563 : INFO  : KNIME-Worker-15-Table Row to Variable 3:1:0:1507:1505:1496 :  : LocalNodeExecutionJob : Table Row to Variable : 3:1:0:1507:1505:1496 : Table Row to Variable 3:1:0:1507:1505:1496 End execute (0 secs)
2025-04-30 19:50:10,564 : INFO  : KNIME-Worker-17-CASE Switch Start 3:1:0:2038 :  : LocalNodeExecutionJob : CASE Switch Start : 3:1:0:2038 : CASE Switch Start 3:1:0:2038 End execute (0 secs)
2025-04-30 19:50:10,569 : INFO  : KNIME-Worker-14-String Manipulation 3:1:0:1507:1505:1498 :  : LocalNodeExecutionJob : String Manipulation : 3:1:0:1507:1505:1498 : String Manipulation 3:1:0:1507:1505:1498 End execute (0 secs)
2025-04-30 19:50:10,569 : INFO  : KNIME-Worker-15-Row Splitter 3:1:0:2005 :  : LocalNodeExecutionJob : Row Splitter : 3:1:0:2005 : Row Splitter 3:1:0:2005 End execute (0 secs)
2025-04-30 19:50:10,579 : INFO  : KNIME-Worker-17-Recursive Loop End 3:1:0:1507:1505:1493 :  : LocalNodeExecutionJob : Recursive Loop End : 3:1:0:1507:1505:1493 : Recursive Loop End 3:1:0:1507:1505:1493 End execute (0 secs)
2025-04-30 19:50:10,583 : INFO  : KNIME-Worker-14-Math Formula 3:1:0:2007 :  : LocalNodeExecutionJob : Math Formula : 3:1:0:2007 : Math Formula 3:1:0:2007 End execute (0 secs)
2025-04-30 19:50:10,589 : INFO  : KNIME-Worker-15-Recursive Loop Start 3:1:0:1507:1505:1492 :  : LocalNodeExecutionJob : Recursive Loop Start : 3:1:0:1507:1505:1492 : Recursive Loop Start 3:1:0:1507:1505:1492 End execute (0 secs)
2025-04-30 19:50:10,595 : INFO  : KNIME-Worker-14-Row Filter 3:1:0:1507:1505:1494 :  : LocalNodeExecutionJob : Row Filter : 3:1:0:1507:1505:1494 : Row Filter 3:1:0:1507:1505:1494 End execute (0 secs)
2025-04-30 19:50:10,596 : INFO  : KNIME-Worker-15-Table Row to Variable 3:1:0:1507:1505:1496 :  : LocalNodeExecutionJob : Table Row to Variable : 3:1:0:1507:1505:1496 : Table Row to Variable 3:1:0:1507:1505:1496 End execute (0 secs)
2025-04-30 19:50:10,597 : INFO  : KNIME-Worker-14-Component Input 3:1:0:2006:0:266 :  : LocalNodeExecutionJob : Component Input : 3:1:0:2006:0:266 : Component Input 3:1:0:2006:0:266 End execute (0 secs)
2025-04-30 19:50:10,597 : INFO  : KNIME-Worker-15-Multiple Selection Configuration 3:1:0:2006:0:983 :  : LocalNodeExecutionJob : Multiple Selection Configuration : 3:1:0:2006:0:983 : Multiple Selection Configuration 3:1:0:2006:0:983 End execute (0 secs)
2025-04-30 19:50:10,599 : INFO  : KNIME-Worker-14-String Manipulation 3:1:0:1507:1505:1498 :  : LocalNodeExecutionJob : String Manipulation : 3:1:0:1507:1505:1498 : String Manipulation 3:1:0:1507:1505:1498 End execute (0 secs)
2025-04-30 19:50:10,599 : INFO  : KNIME-Worker-15-Column Filter Configuration 3:1:0:2006:0:982 :  : LocalNodeExecutionJob : Column Filter Configuration : 3:1:0:2006:0:982 : Column Filter Configuration 3:1:0:2006:0:982 End execute (0 secs)
2025-04-30 19:50:10,599 : INFO  : KNIME-Worker-14-Multiple Selection Configuration 3:1:0:2006:0:994 :  : LocalNodeExecutionJob : Multiple Selection Configuration : 3:1:0:2006:0:994 : Multiple Selection Configuration 3:1:0:2006:0:994 End execute (0 secs)
2025-04-30 19:50:10,607 : INFO  : KNIME-Worker-15-Recursive Loop End 3:1:0:1507:1505:1493 :  : LocalNodeExecutionJob : Recursive Loop End : 3:1:0:1507:1505:1493 : Recursive Loop End 3:1:0:1507:1505:1493 End execute (0 secs)
2025-04-30 19:50:10,609 : INFO  : KNIME-Worker-14-String Configuration 3:1:0:2006:0:995 :  : LocalNodeExecutionJob : String Configuration : 3:1:0:2006:0:995 : String Configuration 3:1:0:2006:0:995 End execute (0 secs)
2025-04-30 19:50:10,613 : INFO  : KNIME-Worker-15-Recursive Loop Start 3:1:0:1507:1505:1492 :  : LocalNodeExecutionJob : Recursive Loop Start : 3:1:0:1507:1505:1492 : Recursive Loop Start 3:1:0:1507:1505:1492 End execute (0 secs)
2025-04-30 19:50:10,614 : INFO  : KNIME-Worker-14-String Configuration 3:1:0:2006:0:996 :  : LocalNodeExecutionJob : String Configuration : 3:1:0:2006:0:996 : String Configuration 3:1:0:2006:0:996 End execute (0 secs)
2025-04-30 19:50:10,616 : INFO  : KNIME-Worker-15-Row Filter 3:1:0:1507:1505:1494 :  : LocalNodeExecutionJob : Row Filter : 3:1:0:1507:1505:1494 : Row Filter 3:1:0:1507:1505:1494 End execute (0 secs)
2025-04-30 19:50:10,616 : INFO  : KNIME-Worker-14-Table Row to Variable 3:1:0:1507:1505:1496 :  : LocalNodeExecutionJob : Table Row to Variable : 3:1:0:1507:1505:1496 : Table Row to Variable 3:1:0:1507:1505:1496 End execute (0 secs)
2025-04-30 19:50:10,617 : INFO  : KNIME-Worker-15-String Configuration 3:1:0:2006:0:997 :  : LocalNodeExecutionJob : String Configuration : 3:1:0:2006:0:997 : String Configuration 3:1:0:2006:0:997 End execute (0 secs)
2025-04-30 19:50:10,619 : INFO  : KNIME-Worker-14-String Manipulation 3:1:0:1507:1505:1498 :  : LocalNodeExecutionJob : String Manipulation : 3:1:0:1507:1505:1498 : String Manipulation 3:1:0:1507:1505:1498 End execute (0 secs)
2025-04-30 19:50:10,620 : INFO  : KNIME-Worker-15-String Configuration 3:1:0:2006:0:999 :  : LocalNodeExecutionJob : String Configuration : 3:1:0:2006:0:999 : String Configuration 3:1:0:2006:0:999 End execute (0 secs)
2025-04-30 19:50:10,630 : INFO  : KNIME-Worker-14-Recursive Loop End 3:1:0:1507:1505:1493 :  : LocalNodeExecutionJob : Recursive Loop End : 3:1:0:1507:1505:1493 : Recursive Loop End 3:1:0:1507:1505:1493 End execute (0 secs)
2025-04-30 19:50:10,634 : INFO  : KNIME-Worker-15-String Input (legacy) 3:1:0:2006:0:1000 :  : LocalNodeExecutionJob : String Input (legacy) : 3:1:0:2006:0:1000 : String Input (legacy) 3:1:0:2006:0:1000 End execute (0 secs)
2025-04-30 19:50:10,639 : INFO  : KNIME-Worker-14-Recursive Loop Start 3:1:0:1507:1505:1492 :  : LocalNodeExecutionJob : Recursive Loop Start : 3:1:0:1507:1505:1492 : Recursive Loop Start 3:1:0:1507:1505:1492 End execute (0 secs)
2025-04-30 19:50:10,640 : INFO  : KNIME-Worker-15-Python Script (legacy) 3:1:0:2006:0:979 :  : LocalNodeExecutionJob : Python Script (legacy) : 3:1:0:2006:0:979 : Python Script (legacy) 3:1:0:2006:0:979 End execute (0 secs)
2025-04-30 19:50:10,642 : INFO  : KNIME-Worker-14-Row Filter 3:1:0:1507:1505:1494 :  : LocalNodeExecutionJob : Row Filter : 3:1:0:1507:1505:1494 : Row Filter 3:1:0:1507:1505:1494 End execute (0 secs)
2025-04-30 19:50:10,643 : INFO  : KNIME-Worker-15-Table Row to Variable 3:1:0:1507:1505:1496 :  : LocalNodeExecutionJob : Table Row to Variable : 3:1:0:1507:1505:1496 : Table Row to Variable 3:1:0:1507:1505:1496 End execute (0 secs)
2025-04-30 19:50:10,643 : INFO  : KNIME-Worker-14-Math Formula (Multi Column) 3:1:0:2006:0:845 :  : LocalNodeExecutionJob : Math Formula (Multi Column) : 3:1:0:2006:0:845 : Math Formula (Multi Column) 3:1:0:2006:0:845 End execute (0 secs)
2025-04-30 19:50:10,644 : INFO  : KNIME-Worker-15-String Manipulation 3:1:0:1507:1505:1498 :  : LocalNodeExecutionJob : String Manipulation : 3:1:0:1507:1505:1498 : String Manipulation 3:1:0:1507:1505:1498 End execute (0 secs)
2025-04-30 19:50:10,645 : INFO  : KNIME-Worker-14-Column Appender 3:1:0:2006:0:992 :  : LocalNodeExecutionJob : Column Appender : 3:1:0:2006:0:992 : Column Appender 3:1:0:2006:0:992 End execute (0 secs)
2025-04-30 19:50:10,652 : INFO  : KNIME-Worker-15-Recursive Loop End 3:1:0:1507:1505:1493 :  : LocalNodeExecutionJob : Recursive Loop End : 3:1:0:1507:1505:1493 : Recursive Loop End 3:1:0:1507:1505:1493 End execute (0 secs)
2025-04-30 19:50:10,660 : INFO  : KNIME-Worker-14-Component Output 3:1:0:2006:0:856 :  : LocalNodeExecutionJob : Component Output : 3:1:0:2006:0:856 : Component Output 3:1:0:2006:0:856 End execute (0 secs)
2025-04-30 19:50:10,660 : INFO  : KNIME-Worker-17-Columns descriptive statistics 3:1:0:2006 :  : LocalNodeExecutionJob : Columns descriptive statistics : 3:1:0:2006 : Columns descriptive statistics 3:1:0:2006 End execute (0 secs)
2025-04-30 19:50:10,663 : INFO  : KNIME-Worker-15-Recursive Loop Start 3:1:0:1507:1505:1492 :  : LocalNodeExecutionJob : Recursive Loop Start : 3:1:0:1507:1505:1492 : Recursive Loop Start 3:1:0:1507:1505:1492 End execute (0 secs)
2025-04-30 19:50:10,664 : INFO  : KNIME-Worker-14-Extract Column Header 3:1:0:2008:1505:1487 :  : LocalNodeExecutionJob : Extract Column Header : 3:1:0:2008:1505:1487 : Extract Column Header 3:1:0:2008:1505:1487 End execute (0 secs)
2025-04-30 19:50:10,665 : INFO  : KNIME-Worker-17-Row Filter 3:1:0:1507:1505:1494 :  : LocalNodeExecutionJob : Row Filter : 3:1:0:1507:1505:1494 : Row Filter 3:1:0:1507:1505:1494 End execute (0 secs)
2025-04-30 19:50:10,666 : INFO  : KNIME-Worker-15-Table Row to Variable 3:1:0:1507:1505:1496 :  : LocalNodeExecutionJob : Table Row to Variable : 3:1:0:1507:1505:1496 : Table Row to Variable 3:1:0:1507:1505:1496 End execute (0 secs)
2025-04-30 19:50:10,666 : INFO  : KNIME-Worker-14-String Manipulation 3:1:0:2008:1505:1497 :  : LocalNodeExecutionJob : String Manipulation : 3:1:0:2008:1505:1497 : String Manipulation 3:1:0:2008:1505:1497 End execute (0 secs)
2025-04-30 19:50:10,668 : INFO  : KNIME-Worker-17-String Manipulation 3:1:0:1507:1505:1498 :  : LocalNodeExecutionJob : String Manipulation : 3:1:0:1507:1505:1498 : String Manipulation 3:1:0:1507:1505:1498 End execute (0 secs)
2025-04-30 19:50:10,669 : INFO  : KNIME-Worker-15-Recursive Loop Start 3:1:0:2008:1505:1492 :  : LocalNodeExecutionJob : Recursive Loop Start : 3:1:0:2008:1505:1492 : Recursive Loop Start 3:1:0:2008:1505:1492 End execute (0 secs)
2025-04-30 19:50:10,677 : INFO  : KNIME-Worker-14-Recursive Loop End 3:1:0:1507:1505:1493 :  : LocalNodeExecutionJob : Recursive Loop End : 3:1:0:1507:1505:1493 : Recursive Loop End 3:1:0:1507:1505:1493 End execute (0 secs)
2025-04-30 19:50:10,680 : INFO  : KNIME-Worker-17-Row Filter 3:1:0:2008:1505:1494 :  : LocalNodeExecutionJob : Row Filter : 3:1:0:2008:1505:1494 : Row Filter 3:1:0:2008:1505:1494 End execute (0 secs)
2025-04-30 19:50:10,681 : INFO  : KNIME-Worker-15-Table Row to Variable 3:1:0:2008:1505:1496 :  : LocalNodeExecutionJob : Table Row to Variable : 3:1:0:2008:1505:1496 : Table Row to Variable 3:1:0:2008:1505:1496 End execute (0 secs)
2025-04-30 19:50:10,686 : INFO  : KNIME-Worker-14-Recursive Loop Start 3:1:0:1507:1505:1492 :  : LocalNodeExecutionJob : Recursive Loop Start : 3:1:0:1507:1505:1492 : Recursive Loop Start 3:1:0:1507:1505:1492 End execute (0 secs)
2025-04-30 19:50:10,687 : INFO  : KNIME-Worker-17-String Manipulation 3:1:0:2008:1505:1498 :  : LocalNodeExecutionJob : String Manipulation : 3:1:0:2008:1505:1498 : String Manipulation 3:1:0:2008:1505:1498 End execute (0 secs)
2025-04-30 19:50:10,688 : INFO  : KNIME-Worker-15-Row Filter 3:1:0:1507:1505:1494 :  : RowFilterNodeModel : Row Filter : 3:1:0:1507:1505:1494 : The result table at port 0 contains no rows
2025-04-30 19:50:10,688 : WARN  : KNIME-Worker-15-Row Filter 3:1:0:1507:1505:1494 :  : Node : Row Filter : 3:1:0:1507:1505:1494 : Node created an empty data table.
2025-04-30 19:50:10,688 : INFO  : KNIME-Worker-15-Row Filter 3:1:0:1507:1505:1494 :  : LocalNodeExecutionJob : Row Filter : 3:1:0:1507:1505:1494 : Row Filter 3:1:0:1507:1505:1494 End execute (0 secs)
2025-04-30 19:50:10,689 : INFO  : KNIME-Worker-14-Table Row to Variable 3:1:0:1507:1505:1496 :  : LocalNodeExecutionJob : Table Row to Variable : 3:1:0:1507:1505:1496 : Table Row to Variable 3:1:0:1507:1505:1496 End execute (0 secs)
2025-04-30 19:50:10,690 : INFO  : KNIME-Worker-17-Recursive Loop End 3:1:0:2008:1505:1493 :  : LocalNodeExecutionJob : Recursive Loop End : 3:1:0:2008:1505:1493 : Recursive Loop End 3:1:0:2008:1505:1493 End execute (0 secs)
2025-04-30 19:50:10,692 : INFO  : KNIME-Worker-15-String Manipulation 3:1:0:1507:1505:1498 :  : LocalNodeExecutionJob : String Manipulation : 3:1:0:1507:1505:1498 : String Manipulation 3:1:0:1507:1505:1498 End execute (0 secs)
2025-04-30 19:50:10,692 : INFO  : KNIME-Worker-14-Cell Splitter 3:1:0:2008:1505:1499 :  : LocalNodeExecutionJob : Cell Splitter : 3:1:0:2008:1505:1499 : Cell Splitter 3:1:0:2008:1505:1499 End execute (0 secs)
2025-04-30 19:50:10,700 : INFO  : KNIME-Worker-17-Recursive Loop End 3:1:0:1507:1505:1493 :  : RecursiveLoopEndDynamicNodeModel : Recursive Loop End : 3:1:0:1507:1505:1493 : The result table at port 1 contains no rows
2025-04-30 19:50:10,700 : INFO  : KNIME-Worker-17-Recursive Loop End 3:1:0:1507:1505:1493 :  : LocalNodeExecutionJob : Recursive Loop End : 3:1:0:1507:1505:1493 : Recursive Loop End 3:1:0:1507:1505:1493 End execute (0 secs)
2025-04-30 19:50:10,756 : INFO  : KNIME-Worker-15-Column Rename 3:1:0:2008:1505:1504 :  : LocalNodeExecutionJob : Column Rename : 3:1:0:2008:1505:1504 : Column Rename 3:1:0:2008:1505:1504 End execute (0 secs)
2025-04-30 19:50:10,762 : INFO  : KNIME-Worker-14-Cell Splitter 3:1:0:1507:1505:1499 :  : LocalNodeExecutionJob : Cell Splitter : 3:1:0:1507:1505:1499 : Cell Splitter 3:1:0:1507:1505:1499 End execute (0 secs)
2025-04-30 19:50:10,763 : INFO  : KNIME-Worker-17-Missing Value 3:1:0:2008:1505:1501 :  : LocalNodeExecutionJob : Missing Value : 3:1:0:2008:1505:1501 : Missing Value 3:1:0:2008:1505:1501 End execute (0 secs)
2025-04-30 19:50:10,764 : INFO  : KNIME-Worker-15-Column Rename 3:1:0:1507:1505:1504 :  : LocalNodeExecutionJob : Column Rename : 3:1:0:1507:1505:1504 : Column Rename 3:1:0:1507:1505:1504 End execute (0 secs)
2025-04-30 19:50:10,764 : INFO  : KNIME-Worker-14-String Manipulation 3:1:0:2008:1505:1500 :  : LocalNodeExecutionJob : String Manipulation : 3:1:0:2008:1505:1500 : String Manipulation 3:1:0:2008:1505:1500 End execute (0 secs)
2025-04-30 19:50:10,770 : INFO  : KNIME-Worker-17-Missing Value 3:1:0:1507:1505:1501 :  : PMMLPortObject : Missing Value : 3:1:0:1507:1505:1501 : No mining schema found.
2025-04-30 19:50:10,770 : INFO  : KNIME-Worker-17-Missing Value 3:1:0:1507:1505:1501 :  : LocalNodeExecutionJob : Missing Value : 3:1:0:1507:1505:1501 : Missing Value 3:1:0:1507:1505:1501 End execute (0 secs)
2025-04-30 19:50:10,771 : INFO  : KNIME-Worker-15-Joiner 3:1:0:2008:1502 :  : LocalNodeExecutionJob : Joiner : 3:1:0:2008:1502 : Joiner 3:1:0:2008:1502 End execute (0 secs)
2025-04-30 19:50:10,774 : INFO  : KNIME-Worker-14-String Manipulation 3:1:0:1507:1505:1500 :  : LocalNodeExecutionJob : String Manipulation : 3:1:0:1507:1505:1500 : String Manipulation 3:1:0:1507:1505:1500 End execute (0 secs)
2025-04-30 19:50:10,775 : INFO  : KNIME-Worker-17-Sorter 3:1:0:2008:1503 :  : LocalNodeExecutionJob : Sorter : 3:1:0:2008:1503 : Sorter 3:1:0:2008:1503 End execute (0 secs)
2025-04-30 19:50:10,782 : INFO  : KNIME-Worker-15-Joiner 3:1:0:1507:1502 :  : Joiner3NodeModel : Joiner : 3:1:0:1507:1502 : The result table at port 1 contains no rows
2025-04-30 19:50:10,782 : INFO  : KNIME-Worker-15-Joiner 3:1:0:1507:1502 :  : Joiner3NodeModel : Joiner : 3:1:0:1507:1502 : The result table at port 2 contains no rows
2025-04-30 19:50:10,782 : INFO  : KNIME-Worker-15-Joiner 3:1:0:1507:1502 :  : LocalNodeExecutionJob : Joiner : 3:1:0:1507:1502 : Joiner 3:1:0:1507:1502 End execute (0 secs)
2025-04-30 19:50:10,783 : INFO  : KNIME-Worker-14-Reference Column Resorter 3:1:0:2008:1483 :  : LocalNodeExecutionJob : Reference Column Resorter : 3:1:0:2008:1483 : Reference Column Resorter 3:1:0:2008:1483 End execute (0 secs)
2025-04-30 19:50:10,786 : INFO  : KNIME-Worker-17-Sorter 3:1:0:1507:1503 :  : LocalNodeExecutionJob : Sorter : 3:1:0:1507:1503 : Sorter 3:1:0:1507:1503 End execute (0 secs)
2025-04-30 19:50:10,787 : INFO  : KNIME-Worker-15-Column Resorter 3:1:0:2008:1506 :  : LocalNodeExecutionJob : Column Resorter : 3:1:0:2008:1506 : Column Resorter 3:1:0:2008:1506 End execute (0 secs)
2025-04-30 19:50:10,788 : INFO  : KNIME-Worker-14-Reference Column Resorter 3:1:0:1507:1483 :  : LocalNodeExecutionJob : Reference Column Resorter : 3:1:0:1507:1483 : Reference Column Resorter 3:1:0:1507:1483 End execute (0 secs)
2025-04-30 19:50:10,789 : INFO  : KNIME-Worker-17-CASE Switch End 3:1:0:2024 :  : LocalNodeExecutionJob : CASE Switch End : 3:1:0:2024 : CASE Switch End 3:1:0:2024 End execute (0 secs)
2025-04-30 19:50:10,790 : INFO  : KNIME-Worker-15-Column Resorter 3:1:0:1507:1488 :  : LocalNodeExecutionJob : Column Resorter : 3:1:0:1507:1488 : Column Resorter 3:1:0:1507:1488 End execute (0 secs)
2025-04-30 19:50:11,210 : INFO  : KNIME-Worker-16-Python Script (legacy) 3:1:0:1503:0:979 :  : LocalNodeExecutionJob : Python Script (legacy) : 3:1:0:1503:0:979 : Python Script (legacy) 3:1:0:1503:0:979 End execute (1 sec)
2025-04-30 19:50:11,229 : INFO  : KNIME-Worker-14-Math Formula (Multi Column) 3:1:0:1503:0:845 :  : LocalNodeExecutionJob : Math Formula (Multi Column) : 3:1:0:1503:0:845 : Math Formula (Multi Column) 3:1:0:1503:0:845 End execute (0 secs)
2025-04-30 19:50:11,241 : INFO  : KNIME-Worker-17-Column Appender 3:1:0:1503:0:992 :  : LocalNodeExecutionJob : Column Appender : 3:1:0:1503:0:992 : Column Appender 3:1:0:1503:0:992 End execute (0 secs)
2025-04-30 19:50:11,242 : INFO  : KNIME-Worker-15-Component Output 3:1:0:1503:0:856 :  : LocalNodeExecutionJob : Component Output : 3:1:0:1503:0:856 : Component Output 3:1:0:1503:0:856 End execute (0 secs)
2025-04-30 19:50:11,243 : INFO  : KNIME-Worker-18-Columns descriptive statistics 3:1:0:1503 :  : LocalNodeExecutionJob : Columns descriptive statistics : 3:1:0:1503 : Columns descriptive statistics 3:1:0:1503 End execute (3 secs)
2025-04-30 19:50:11,325 : INFO  : KNIME-Worker-16-Extract Column Header 3:1:0:1508:1505:1487 :  : LocalNodeExecutionJob : Extract Column Header : 3:1:0:1508:1505:1487 : Extract Column Header 3:1:0:1508:1505:1487 End execute (0 secs)
2025-04-30 19:50:11,329 : INFO  : KNIME-Worker-14-String Manipulation 3:1:0:1508:1505:1497 :  : LocalNodeExecutionJob : String Manipulation : 3:1:0:1508:1505:1497 : String Manipulation 3:1:0:1508:1505:1497 End execute (0 secs)
2025-04-30 19:50:11,329 : INFO  : KNIME-Worker-17-Recursive Loop Start 3:1:0:1508:1505:1492 :  : LocalNodeExecutionJob : Recursive Loop Start : 3:1:0:1508:1505:1492 : Recursive Loop Start 3:1:0:1508:1505:1492 End execute (0 secs)
2025-04-30 19:50:11,331 : INFO  : KNIME-Worker-18-Table Row to Variable 3:1:0:1508:1505:1496 :  : LocalNodeExecutionJob : Table Row to Variable : 3:1:0:1508:1505:1496 : Table Row to Variable 3:1:0:1508:1505:1496 End execute (0 secs)
2025-04-30 19:50:11,332 : INFO  : KNIME-Worker-15-Row Filter 3:1:0:1508:1505:1494 :  : LocalNodeExecutionJob : Row Filter : 3:1:0:1508:1505:1494 : Row Filter 3:1:0:1508:1505:1494 End execute (0 secs)
2025-04-30 19:50:11,335 : INFO  : KNIME-Worker-16-String Manipulation 3:1:0:1508:1505:1498 :  : LocalNodeExecutionJob : String Manipulation : 3:1:0:1508:1505:1498 : String Manipulation 3:1:0:1508:1505:1498 End execute (0 secs)
2025-04-30 19:50:11,348 : INFO  : KNIME-Worker-14-Recursive Loop End 3:1:0:1508:1505:1493 :  : LocalNodeExecutionJob : Recursive Loop End : 3:1:0:1508:1505:1493 : Recursive Loop End 3:1:0:1508:1505:1493 End execute (0 secs)
2025-04-30 19:50:11,356 : INFO  : KNIME-Worker-17-Recursive Loop Start 3:1:0:1508:1505:1492 :  : LocalNodeExecutionJob : Recursive Loop Start : 3:1:0:1508:1505:1492 : Recursive Loop Start 3:1:0:1508:1505:1492 End execute (0 secs)
2025-04-30 19:50:11,358 : INFO  : KNIME-Worker-15-Table Row to Variable 3:1:0:1508:1505:1496 :  : LocalNodeExecutionJob : Table Row to Variable : 3:1:0:1508:1505:1496 : Table Row to Variable 3:1:0:1508:1505:1496 End execute (0 secs)
2025-04-30 19:50:11,359 : INFO  : KNIME-Worker-18-Row Filter 3:1:0:1508:1505:1494 :  : LocalNodeExecutionJob : Row Filter : 3:1:0:1508:1505:1494 : Row Filter 3:1:0:1508:1505:1494 End execute (0 secs)
2025-04-30 19:50:11,360 : INFO  : KNIME-Worker-16-String Manipulation 3:1:0:1508:1505:1498 :  : LocalNodeExecutionJob : String Manipulation : 3:1:0:1508:1505:1498 : String Manipulation 3:1:0:1508:1505:1498 End execute (0 secs)
2025-04-30 19:50:11,372 : INFO  : KNIME-Worker-14-Recursive Loop End 3:1:0:1508:1505:1493 :  : LocalNodeExecutionJob : Recursive Loop End : 3:1:0:1508:1505:1493 : Recursive Loop End 3:1:0:1508:1505:1493 End execute (0 secs)
2025-04-30 19:50:11,379 : INFO  : KNIME-Worker-17-Recursive Loop Start 3:1:0:1508:1505:1492 :  : LocalNodeExecutionJob : Recursive Loop Start : 3:1:0:1508:1505:1492 : Recursive Loop Start 3:1:0:1508:1505:1492 End execute (0 secs)
2025-04-30 19:50:11,380 : INFO  : KNIME-Worker-18-Table Row to Variable 3:1:0:1508:1505:1496 :  : LocalNodeExecutionJob : Table Row to Variable : 3:1:0:1508:1505:1496 : Table Row to Variable 3:1:0:1508:1505:1496 End execute (0 secs)
2025-04-30 19:50:11,381 : INFO  : KNIME-Worker-15-Row Filter 3:1:0:1508:1505:1494 :  : LocalNodeExecutionJob : Row Filter : 3:1:0:1508:1505:1494 : Row Filter 3:1:0:1508:1505:1494 End execute (0 secs)
2025-04-30 19:50:11,381 : INFO  : KNIME-Worker-16-String Manipulation 3:1:0:1508:1505:1498 :  : LocalNodeExecutionJob : String Manipulation : 3:1:0:1508:1505:1498 : String Manipulation 3:1:0:1508:1505:1498 End execute (0 secs)
2025-04-30 19:50:11,394 : INFO  : KNIME-Worker-14-Recursive Loop End 3:1:0:1508:1505:1493 :  : LocalNodeExecutionJob : Recursive Loop End : 3:1:0:1508:1505:1493 : Recursive Loop End 3:1:0:1508:1505:1493 End execute (0 secs)
2025-04-30 19:50:11,403 : INFO  : KNIME-Worker-17-Recursive Loop Start 3:1:0:1508:1505:1492 :  : LocalNodeExecutionJob : Recursive Loop Start : 3:1:0:1508:1505:1492 : Recursive Loop Start 3:1:0:1508:1505:1492 End execute (0 secs)
2025-04-30 19:50:11,405 : INFO  : KNIME-Worker-15-Table Row to Variable 3:1:0:1508:1505:1496 :  : LocalNodeExecutionJob : Table Row to Variable : 3:1:0:1508:1505:1496 : Table Row to Variable 3:1:0:1508:1505:1496 End execute (0 secs)
2025-04-30 19:50:11,406 : INFO  : KNIME-Worker-18-Row Filter 3:1:0:1508:1505:1494 :  : LocalNodeExecutionJob : Row Filter : 3:1:0:1508:1505:1494 : Row Filter 3:1:0:1508:1505:1494 End execute (0 secs)
2025-04-30 19:50:11,407 : INFO  : KNIME-Worker-16-String Manipulation 3:1:0:1508:1505:1498 :  : LocalNodeExecutionJob : String Manipulation : 3:1:0:1508:1505:1498 : String Manipulation 3:1:0:1508:1505:1498 End execute (0 secs)
2025-04-30 19:50:11,420 : INFO  : KNIME-Worker-14-Recursive Loop End 3:1:0:1508:1505:1493 :  : LocalNodeExecutionJob : Recursive Loop End : 3:1:0:1508:1505:1493 : Recursive Loop End 3:1:0:1508:1505:1493 End execute (0 secs)
2025-04-30 19:50:11,429 : INFO  : KNIME-Worker-17-Recursive Loop Start 3:1:0:1508:1505:1492 :  : LocalNodeExecutionJob : Recursive Loop Start : 3:1:0:1508:1505:1492 : Recursive Loop Start 3:1:0:1508:1505:1492 End execute (0 secs)
2025-04-30 19:50:11,431 : INFO  : KNIME-Worker-18-Table Row to Variable 3:1:0:1508:1505:1496 :  : LocalNodeExecutionJob : Table Row to Variable : 3:1:0:1508:1505:1496 : Table Row to Variable 3:1:0:1508:1505:1496 End execute (0 secs)
2025-04-30 19:50:11,431 : INFO  : KNIME-Worker-15-Row Filter 3:1:0:1508:1505:1494 :  : LocalNodeExecutionJob : Row Filter : 3:1:0:1508:1505:1494 : Row Filter 3:1:0:1508:1505:1494 End execute (0 secs)
2025-04-30 19:50:11,434 : INFO  : KNIME-Worker-16-String Manipulation 3:1:0:1508:1505:1498 :  : LocalNodeExecutionJob : String Manipulation : 3:1:0:1508:1505:1498 : String Manipulation 3:1:0:1508:1505:1498 End execute (0 secs)
2025-04-30 19:50:11,445 : INFO  : KNIME-Worker-14-Recursive Loop End 3:1:0:1508:1505:1493 :  : LocalNodeExecutionJob : Recursive Loop End : 3:1:0:1508:1505:1493 : Recursive Loop End 3:1:0:1508:1505:1493 End execute (0 secs)
2025-04-30 19:50:11,453 : INFO  : KNIME-Worker-17-Recursive Loop Start 3:1:0:1508:1505:1492 :  : LocalNodeExecutionJob : Recursive Loop Start : 3:1:0:1508:1505:1492 : Recursive Loop Start 3:1:0:1508:1505:1492 End execute (0 secs)
2025-04-30 19:50:11,454 : INFO  : KNIME-Worker-15-Table Row to Variable 3:1:0:1508:1505:1496 :  : LocalNodeExecutionJob : Table Row to Variable : 3:1:0:1508:1505:1496 : Table Row to Variable 3:1:0:1508:1505:1496 End execute (0 secs)
2025-04-30 19:50:11,455 : INFO  : KNIME-Worker-18-Row Filter 3:1:0:1508:1505:1494 :  : RowFilterNodeModel : Row Filter : 3:1:0:1508:1505:1494 : The result table at port 0 contains no rows
2025-04-30 19:50:11,455 : WARN  : KNIME-Worker-18-Row Filter 3:1:0:1508:1505:1494 :  : Node : Row Filter : 3:1:0:1508:1505:1494 : Node created an empty data table.
2025-04-30 19:50:11,455 : INFO  : KNIME-Worker-18-Row Filter 3:1:0:1508:1505:1494 :  : LocalNodeExecutionJob : Row Filter : 3:1:0:1508:1505:1494 : Row Filter 3:1:0:1508:1505:1494 End execute (0 secs)
2025-04-30 19:50:11,456 : INFO  : KNIME-Worker-16-String Manipulation 3:1:0:1508:1505:1498 :  : LocalNodeExecutionJob : String Manipulation : 3:1:0:1508:1505:1498 : String Manipulation 3:1:0:1508:1505:1498 End execute (0 secs)
2025-04-30 19:50:11,468 : INFO  : KNIME-Worker-14-Recursive Loop End 3:1:0:1508:1505:1493 :  : RecursiveLoopEndDynamicNodeModel : Recursive Loop End : 3:1:0:1508:1505:1493 : The result table at port 1 contains no rows
2025-04-30 19:50:11,468 : INFO  : KNIME-Worker-14-Recursive Loop End 3:1:0:1508:1505:1493 :  : LocalNodeExecutionJob : Recursive Loop End : 3:1:0:1508:1505:1493 : Recursive Loop End 3:1:0:1508:1505:1493 End execute (0 secs)
2025-04-30 19:50:11,520 : INFO  : KNIME-Worker-17-Cell Splitter 3:1:0:1508:1505:1499 :  : LocalNodeExecutionJob : Cell Splitter : 3:1:0:1508:1505:1499 : Cell Splitter 3:1:0:1508:1505:1499 End execute (0 secs)
2025-04-30 19:50:11,522 : INFO  : KNIME-Worker-15-Column Rename 3:1:0:1508:1505:1504 :  : LocalNodeExecutionJob : Column Rename : 3:1:0:1508:1505:1504 : Column Rename 3:1:0:1508:1505:1504 End execute (0 secs)
2025-04-30 19:50:11,528 : INFO  : KNIME-Worker-18-Missing Value 3:1:0:1508:1505:1501 :  : PMMLPortObject : Missing Value : 3:1:0:1508:1505:1501 : No mining schema found.
2025-04-30 19:50:11,529 : INFO  : KNIME-Worker-18-Missing Value 3:1:0:1508:1505:1501 :  : LocalNodeExecutionJob : Missing Value : 3:1:0:1508:1505:1501 : Missing Value 3:1:0:1508:1505:1501 End execute (0 secs)
2025-04-30 19:50:11,534 : INFO  : KNIME-Worker-16-String Manipulation 3:1:0:1508:1505:1500 :  : LocalNodeExecutionJob : String Manipulation : 3:1:0:1508:1505:1500 : String Manipulation 3:1:0:1508:1505:1500 End execute (0 secs)
2025-04-30 19:50:11,540 : INFO  : KNIME-Worker-14-Joiner 3:1:0:1508:1502 :  : LocalNodeExecutionJob : Joiner : 3:1:0:1508:1502 : Joiner 3:1:0:1508:1502 End execute (0 secs)
2025-04-30 19:50:11,546 : INFO  : KNIME-Worker-17-Sorter 3:1:0:1508:1503 :  : LocalNodeExecutionJob : Sorter : 3:1:0:1508:1503 : Sorter 3:1:0:1508:1503 End execute (0 secs)
2025-04-30 19:50:11,548 : INFO  : KNIME-Worker-15-Reference Column Resorter 3:1:0:1508:1483 :  : LocalNodeExecutionJob : Reference Column Resorter : 3:1:0:1508:1483 : Reference Column Resorter 3:1:0:1508:1483 End execute (0 secs)
2025-04-30 19:50:11,549 : INFO  : KNIME-Worker-18-Column Resorter 3:1:0:1508:1506 :  : LocalNodeExecutionJob : Column Resorter : 3:1:0:1508:1506 : Column Resorter 3:1:0:1508:1506 End execute (0 secs)
2025-04-30 19:50:11,551 : INFO  : KNIME-Worker-16-Component Output 3:1:0:2004 :  : LocalNodeExecutionJob : Component Output : 3:1:0:2004 : Component Output 3:1:0:2004 End execute (0 secs)
2025-04-30 19:50:11,551 : INFO  : KNIME-Worker-13-DIA-NN main report pre-processing 3:1 :  : LocalNodeExecutionJob : DIA-NN main report pre-processing : 3:1 : DIA-NN main report pre-processing 3:1 End execute (9 secs)
2025-04-30 19:50:48,095 : WARN  : main :  : Node : CASE Switch Start : 3:1:0:1495:1507:1259:1251 : Errors overwriting node settings with flow variables: Unknown variable "use_threshold_prec_global_q"
2025-04-30 19:50:48,095 : WARN  : main :  : Node : CASE Switch Start : 3:1:0:1495:1374:1259:1251 : Errors overwriting node settings with flow variables: Unknown variable "use_threshold_prec_global_q"
2025-04-30 19:50:48,113 : WARN  : main :  : Node : End IF : 3:1637:0:1494 : The structures of both active input data tables are not compatible.
2025-04-30 19:50:53,009 : WARN  : main :  : Node : Duplicate Row Filter : 3:1494:1459 : At least one column has to be selected for duplicate detection.
2025-04-30 19:51:29,362 : WARN  : ModalContext :  : Node : End IF : 5:1637:0:1494 : The structures of both active input data tables are not compatible.
2025-04-30 19:51:29,363 : WARN  : ModalContext :  : Node : End IF : 5:1637:0:1494 : The structures of both active input data tables are not compatible.
2025-04-30 19:51:29,386 : WARN  : ModalContext :  : Node : Duplicate Row Filter : 5:1494:1459 : At least one column has to be selected for duplicate detection.
